
C:\Users\User\AppData\Local\Temp\arduino_build_552410/Mainboard.ino.elf:     file format elf32-avr


Disassembly of section .text:

00000000 <__vectors>:
__vectors():
../../../../crt1/gcrt1.S:65
   0:	0c 94 ae 00 	jmp	0x15c	; 0x15c <__ctors_end>
../../../../crt1/gcrt1.S:67
   4:	0c 94 d6 00 	jmp	0x1ac	; 0x1ac <__bad_interrupt>
../../../../crt1/gcrt1.S:68
   8:	0c 94 d6 00 	jmp	0x1ac	; 0x1ac <__bad_interrupt>
../../../../crt1/gcrt1.S:69
   c:	0c 94 d6 00 	jmp	0x1ac	; 0x1ac <__bad_interrupt>
../../../../crt1/gcrt1.S:70
  10:	0c 94 d6 00 	jmp	0x1ac	; 0x1ac <__bad_interrupt>
../../../../crt1/gcrt1.S:71
  14:	0c 94 d6 00 	jmp	0x1ac	; 0x1ac <__bad_interrupt>
../../../../crt1/gcrt1.S:72
  18:	0c 94 d6 00 	jmp	0x1ac	; 0x1ac <__bad_interrupt>
../../../../crt1/gcrt1.S:73
  1c:	0c 94 d6 00 	jmp	0x1ac	; 0x1ac <__bad_interrupt>
../../../../crt1/gcrt1.S:74
  20:	0c 94 d6 00 	jmp	0x1ac	; 0x1ac <__bad_interrupt>
../../../../crt1/gcrt1.S:75
  24:	0c 94 d6 00 	jmp	0x1ac	; 0x1ac <__bad_interrupt>
../../../../crt1/gcrt1.S:76
  28:	0c 94 d6 00 	jmp	0x1ac	; 0x1ac <__bad_interrupt>
../../../../crt1/gcrt1.S:77
  2c:	0c 94 d6 00 	jmp	0x1ac	; 0x1ac <__bad_interrupt>
../../../../crt1/gcrt1.S:78
  30:	0c 94 d6 00 	jmp	0x1ac	; 0x1ac <__bad_interrupt>
../../../../crt1/gcrt1.S:79
  34:	0c 94 a3 03 	jmp	0x746	; 0x746 <__vector_13>
../../../../crt1/gcrt1.S:80
  38:	0c 94 d6 00 	jmp	0x1ac	; 0x1ac <__bad_interrupt>
../../../../crt1/gcrt1.S:81
  3c:	0c 94 d6 00 	jmp	0x1ac	; 0x1ac <__bad_interrupt>
../../../../crt1/gcrt1.S:82
  40:	0c 94 d6 00 	jmp	0x1ac	; 0x1ac <__bad_interrupt>
../../../../crt1/gcrt1.S:83
  44:	0c 94 d6 00 	jmp	0x1ac	; 0x1ac <__bad_interrupt>
../../../../crt1/gcrt1.S:84
  48:	0c 94 59 03 	jmp	0x6b2	; 0x6b2 <__vector_18>
../../../../crt1/gcrt1.S:85
  4c:	0c 94 d6 00 	jmp	0x1ac	; 0x1ac <__bad_interrupt>
../../../../crt1/gcrt1.S:86
  50:	0c 94 27 03 	jmp	0x64e	; 0x64e <__vector_20>
../../../../crt1/gcrt1.S:87
  54:	0c 94 01 03 	jmp	0x602	; 0x602 <__vector_21>
../../../../crt1/gcrt1.S:88
  58:	0c 94 d6 00 	jmp	0x1ac	; 0x1ac <__bad_interrupt>
../../../../crt1/gcrt1.S:89
  5c:	0c 94 d6 00 	jmp	0x1ac	; 0x1ac <__bad_interrupt>
../../../../crt1/gcrt1.S:90
  60:	0c 94 d6 00 	jmp	0x1ac	; 0x1ac <__bad_interrupt>
../../../../crt1/gcrt1.S:91
  64:	0c 94 d6 00 	jmp	0x1ac	; 0x1ac <__bad_interrupt>
../../../../crt1/gcrt1.S:92
  68:	0c 94 d6 00 	jmp	0x1ac	; 0x1ac <__bad_interrupt>
../../../../crt1/gcrt1.S:93
  6c:	0c 94 d6 00 	jmp	0x1ac	; 0x1ac <__bad_interrupt>
../../../../crt1/gcrt1.S:94
  70:	0c 94 cf 02 	jmp	0x59e	; 0x59e <__vector_28>
../../../../crt1/gcrt1.S:95
  74:	0c 94 a9 02 	jmp	0x552	; 0x552 <__vector_29>
../../../../crt1/gcrt1.S:96
  78:	0c 94 d6 00 	jmp	0x1ac	; 0x1ac <__bad_interrupt>
../../../../crt1/gcrt1.S:97
  7c:	0c 94 d6 00 	jmp	0x1ac	; 0x1ac <__bad_interrupt>
../../../../crt1/gcrt1.S:98
  80:	0c 94 d6 00 	jmp	0x1ac	; 0x1ac <__bad_interrupt>
../../../../crt1/gcrt1.S:99
  84:	0c 94 d6 00 	jmp	0x1ac	; 0x1ac <__bad_interrupt>
../../../../crt1/gcrt1.S:100
  88:	0c 94 d6 00 	jmp	0x1ac	; 0x1ac <__bad_interrupt>
../../../../crt1/gcrt1.S:101
  8c:	0c 94 d6 00 	jmp	0x1ac	; 0x1ac <__bad_interrupt>
../../../../crt1/gcrt1.S:102
  90:	0c 94 d6 00 	jmp	0x1ac	; 0x1ac <__bad_interrupt>
../../../../crt1/gcrt1.S:103
  94:	0c 94 d6 00 	jmp	0x1ac	; 0x1ac <__bad_interrupt>
../../../../crt1/gcrt1.S:104
  98:	0c 94 d6 00 	jmp	0x1ac	; 0x1ac <__bad_interrupt>
../../../../crt1/gcrt1.S:105
  9c:	0c 94 d6 00 	jmp	0x1ac	; 0x1ac <__bad_interrupt>
../../../../crt1/gcrt1.S:106
  a0:	0c 94 d6 00 	jmp	0x1ac	; 0x1ac <__bad_interrupt>
../../../../crt1/gcrt1.S:107
  a4:	0c 94 d6 00 	jmp	0x1ac	; 0x1ac <__bad_interrupt>
../../../../crt1/gcrt1.S:108
  a8:	0c 94 d6 00 	jmp	0x1ac	; 0x1ac <__bad_interrupt>
../../../../crt1/gcrt1.S:109
  ac:	0c 94 d6 00 	jmp	0x1ac	; 0x1ac <__bad_interrupt>
../../../../crt1/gcrt1.S:110
  b0:	0c 94 d6 00 	jmp	0x1ac	; 0x1ac <__bad_interrupt>
../../../../crt1/gcrt1.S:111
  b4:	0c 94 d6 00 	jmp	0x1ac	; 0x1ac <__bad_interrupt>
../../../../crt1/gcrt1.S:112
  b8:	0c 94 d6 00 	jmp	0x1ac	; 0x1ac <__bad_interrupt>
../../../../crt1/gcrt1.S:113
  bc:	0c 94 d6 00 	jmp	0x1ac	; 0x1ac <__bad_interrupt>
../../../../crt1/gcrt1.S:114
  c0:	0c 94 d6 00 	jmp	0x1ac	; 0x1ac <__bad_interrupt>
../../../../crt1/gcrt1.S:115
  c4:	0c 94 d6 00 	jmp	0x1ac	; 0x1ac <__bad_interrupt>
../../../../crt1/gcrt1.S:116
  c8:	0c 94 d6 00 	jmp	0x1ac	; 0x1ac <__bad_interrupt>

000000cc <__trampolines_end>:
__trampolines_start():
  cc:	00 00       	nop
  ce:	21 00       	.word	0x0021	; ????
  d0:	24 00       	.word	0x0024	; ????
  d2:	27 00       	.word	0x0027	; ????
  d4:	2a 00       	.word	0x002a	; ????
  d6:	2d 00       	.word	0x002d	; ????

000000d8 <port_to_output_PGM>:
  d8:	00 00 22 00 25 00 28 00 2b 00 2e 00                 ..".%.(.+...

000000e4 <digital_pin_to_port_PGM>:
  e4:	02 02 02 02 02 02 02 02 04 04 04 04 04 04 04 04     ................
  f4:	03 03 03 03 03 03 03 03 01 01 01 01 01 01 01 01     ................
 104:	05 05 05 05 05 05 05                                .......

0000010b <digital_pin_to_bit_mask_PGM>:
 10b:	01 02 04 08 10 20 40 80 01 02 04 08 10 20 40 80     ..... @...... @.
 11b:	01 02 04 08 10 20 40 80 01 02 04 08 10 20 40 80     ..... @...... @.
 12b:	01 02 04 08 10 20 40                                ..... @

00000132 <digital_pin_to_timer_PGM>:
 132:	00 00 00 02 03 00 0a 0b 00 00 00 00 05 04 09 08     ................
 142:	00 00 00 00 0d 00 00 00 00 00 00 00 00 00 00 00     ................
	...

0000015a <__ctors_start>:
__ctors_start():
 15a:	5f 04       	cpc	r5, r15

0000015c <__ctors_end>:
__dtors_end():
../../../../crt1/gcrt1.S:230
 15c:	11 24       	eor	r1, r1
../../../../crt1/gcrt1.S:231
 15e:	1f be       	out	0x3f, r1	; 63
../../../../crt1/gcrt1.S:232
 160:	cf ef       	ldi	r28, 0xFF	; 255
../../../../crt1/gcrt1.S:241
 162:	d8 e0       	ldi	r29, 0x08	; 8
../../../../crt1/gcrt1.S:242
 164:	de bf       	out	0x3e, r29	; 62
../../../../crt1/gcrt1.S:244
 166:	cd bf       	out	0x3d, r28	; 61

00000168 <__do_copy_data>:
__do_copy_data():
/home/jenkins-mingw32/workspace/avr-gcc-staging/label/Ubuntu14.04x64-mingw32/gcc-build/avr/avr5/libgcc/../../../../gcc/libgcc/config/avr/lib1funcs.S:2409
 168:	11 e0       	ldi	r17, 0x01	; 1
/home/jenkins-mingw32/workspace/avr-gcc-staging/label/Ubuntu14.04x64-mingw32/gcc-build/avr/avr5/libgcc/../../../../gcc/libgcc/config/avr/lib1funcs.S:2410
 16a:	a0 e0       	ldi	r26, 0x00	; 0
/home/jenkins-mingw32/workspace/avr-gcc-staging/label/Ubuntu14.04x64-mingw32/gcc-build/avr/avr5/libgcc/../../../../gcc/libgcc/config/avr/lib1funcs.S:2411
 16c:	b1 e0       	ldi	r27, 0x01	; 1
/home/jenkins-mingw32/workspace/avr-gcc-staging/label/Ubuntu14.04x64-mingw32/gcc-build/avr/avr5/libgcc/../../../../gcc/libgcc/config/avr/lib1funcs.S:2412
 16e:	e6 e5       	ldi	r30, 0x56	; 86
/home/jenkins-mingw32/workspace/avr-gcc-staging/label/Ubuntu14.04x64-mingw32/gcc-build/avr/avr5/libgcc/../../../../gcc/libgcc/config/avr/lib1funcs.S:2413
 170:	ff e0       	ldi	r31, 0x0F	; 15
/home/jenkins-mingw32/workspace/avr-gcc-staging/label/Ubuntu14.04x64-mingw32/gcc-build/avr/avr5/libgcc/../../../../gcc/libgcc/config/avr/lib1funcs.S:2414
 172:	02 c0       	rjmp	.+4      	; 0x178 <__do_copy_data+0x10>
/home/jenkins-mingw32/workspace/avr-gcc-staging/label/Ubuntu14.04x64-mingw32/gcc-build/avr/avr5/libgcc/../../../../gcc/libgcc/config/avr/lib1funcs.S:2417
 174:	05 90       	lpm	r0, Z+
/home/jenkins-mingw32/workspace/avr-gcc-staging/label/Ubuntu14.04x64-mingw32/gcc-build/avr/avr5/libgcc/../../../../gcc/libgcc/config/avr/lib1funcs.S:2422
 176:	0d 92       	st	X+, r0
/home/jenkins-mingw32/workspace/avr-gcc-staging/label/Ubuntu14.04x64-mingw32/gcc-build/avr/avr5/libgcc/../../../../gcc/libgcc/config/avr/lib1funcs.S:2424
 178:	a4 31       	cpi	r26, 0x14	; 20
/home/jenkins-mingw32/workspace/avr-gcc-staging/label/Ubuntu14.04x64-mingw32/gcc-build/avr/avr5/libgcc/../../../../gcc/libgcc/config/avr/lib1funcs.S:2425
 17a:	b1 07       	cpc	r27, r17
/home/jenkins-mingw32/workspace/avr-gcc-staging/label/Ubuntu14.04x64-mingw32/gcc-build/avr/avr5/libgcc/../../../../gcc/libgcc/config/avr/lib1funcs.S:2426
 17c:	d9 f7       	brne	.-10     	; 0x174 <__do_copy_data+0xc>

0000017e <__do_clear_bss>:
__do_clear_bss():
/home/jenkins-mingw32/workspace/avr-gcc-staging/label/Ubuntu14.04x64-mingw32/gcc-build/avr/avr5/libgcc/../../../../gcc/libgcc/config/avr/lib1funcs.S:2441
 17e:	22 e0       	ldi	r18, 0x02	; 2
/home/jenkins-mingw32/workspace/avr-gcc-staging/label/Ubuntu14.04x64-mingw32/gcc-build/avr/avr5/libgcc/../../../../gcc/libgcc/config/avr/lib1funcs.S:2442
 180:	a4 e1       	ldi	r26, 0x14	; 20
/home/jenkins-mingw32/workspace/avr-gcc-staging/label/Ubuntu14.04x64-mingw32/gcc-build/avr/avr5/libgcc/../../../../gcc/libgcc/config/avr/lib1funcs.S:2443
 182:	b1 e0       	ldi	r27, 0x01	; 1
/home/jenkins-mingw32/workspace/avr-gcc-staging/label/Ubuntu14.04x64-mingw32/gcc-build/avr/avr5/libgcc/../../../../gcc/libgcc/config/avr/lib1funcs.S:2444
 184:	01 c0       	rjmp	.+2      	; 0x188 <.do_clear_bss_start>

00000186 <.do_clear_bss_loop>:
/home/jenkins-mingw32/workspace/avr-gcc-staging/label/Ubuntu14.04x64-mingw32/gcc-build/avr/avr5/libgcc/../../../../gcc/libgcc/config/avr/lib1funcs.S:2446
 186:	1d 92       	st	X+, r1

00000188 <.do_clear_bss_start>:
/home/jenkins-mingw32/workspace/avr-gcc-staging/label/Ubuntu14.04x64-mingw32/gcc-build/avr/avr5/libgcc/../../../../gcc/libgcc/config/avr/lib1funcs.S:2448
 188:	a0 39       	cpi	r26, 0x90	; 144
/home/jenkins-mingw32/workspace/avr-gcc-staging/label/Ubuntu14.04x64-mingw32/gcc-build/avr/avr5/libgcc/../../../../gcc/libgcc/config/avr/lib1funcs.S:2449
 18a:	b2 07       	cpc	r27, r18
/home/jenkins-mingw32/workspace/avr-gcc-staging/label/Ubuntu14.04x64-mingw32/gcc-build/avr/avr5/libgcc/../../../../gcc/libgcc/config/avr/lib1funcs.S:2450
 18c:	e1 f7       	brne	.-8      	; 0x186 <.do_clear_bss_loop>

0000018e <__do_global_ctors>:
__do_global_ctors():
/home/jenkins-mingw32/workspace/avr-gcc-staging/label/Ubuntu14.04x64-mingw32/gcc-build/avr/avr5/libgcc/../../../../gcc/libgcc/config/avr/lib1funcs.S:2466
 18e:	10 e0       	ldi	r17, 0x00	; 0
/home/jenkins-mingw32/workspace/avr-gcc-staging/label/Ubuntu14.04x64-mingw32/gcc-build/avr/avr5/libgcc/../../../../gcc/libgcc/config/avr/lib1funcs.S:2467
 190:	ce ea       	ldi	r28, 0xAE	; 174
/home/jenkins-mingw32/workspace/avr-gcc-staging/label/Ubuntu14.04x64-mingw32/gcc-build/avr/avr5/libgcc/../../../../gcc/libgcc/config/avr/lib1funcs.S:2468
 192:	d0 e0       	ldi	r29, 0x00	; 0
/home/jenkins-mingw32/workspace/avr-gcc-staging/label/Ubuntu14.04x64-mingw32/gcc-build/avr/avr5/libgcc/../../../../gcc/libgcc/config/avr/lib1funcs.S:2472
 194:	04 c0       	rjmp	.+8      	; 0x19e <__do_global_ctors+0x10>
/home/jenkins-mingw32/workspace/avr-gcc-staging/label/Ubuntu14.04x64-mingw32/gcc-build/avr/avr5/libgcc/../../../../gcc/libgcc/config/avr/lib1funcs.S:2474
 196:	21 97       	sbiw	r28, 0x01	; 1
/home/jenkins-mingw32/workspace/avr-gcc-staging/label/Ubuntu14.04x64-mingw32/gcc-build/avr/avr5/libgcc/../../../../gcc/libgcc/config/avr/lib1funcs.S:2480
 198:	fe 01       	movw	r30, r28
/home/jenkins-mingw32/workspace/avr-gcc-staging/label/Ubuntu14.04x64-mingw32/gcc-build/avr/avr5/libgcc/../../../../gcc/libgcc/config/avr/lib1funcs.S:2481
 19a:	0e 94 a3 07 	call	0xf46	; 0xf46 <__tablejump2__>
/home/jenkins-mingw32/workspace/avr-gcc-staging/label/Ubuntu14.04x64-mingw32/gcc-build/avr/avr5/libgcc/../../../../gcc/libgcc/config/avr/lib1funcs.S:2483
 19e:	cd 3a       	cpi	r28, 0xAD	; 173
/home/jenkins-mingw32/workspace/avr-gcc-staging/label/Ubuntu14.04x64-mingw32/gcc-build/avr/avr5/libgcc/../../../../gcc/libgcc/config/avr/lib1funcs.S:2484
 1a0:	d1 07       	cpc	r29, r17
/home/jenkins-mingw32/workspace/avr-gcc-staging/label/Ubuntu14.04x64-mingw32/gcc-build/avr/avr5/libgcc/../../../../gcc/libgcc/config/avr/lib1funcs.S:2489
 1a2:	c9 f7       	brne	.-14     	; 0x196 <__do_global_ctors+0x8>
../../../../crt1/gcrt1.S:314
 1a4:	0e 94 03 05 	call	0xa06	; 0xa06 <main>
../../../../crt1/gcrt1.S:315
 1a8:	0c 94 a9 07 	jmp	0xf52	; 0xf52 <_exit>

000001ac <__bad_interrupt>:
__vector_38():
../../../../crt1/gcrt1.S:209
 1ac:	0c 94 00 00 	jmp	0	; 0x0 <__vectors>

000001b0 <Print::write(unsigned char const*, unsigned int)>:
_ZN5Print5writeEPKhj():
C:\Users\User\AppData\Local\Arduino15\packages\MightyCore\hardware\avr\3.0.2\cores\MCUdude_corefiles/Print.cpp:35

// Public Methods //////////////////////////////////////////////////////////////

/* default implementation: may be overridden */
size_t Print::write(const uint8_t *buffer, size_t size)
{
 1b0:	af 92       	push	r10
 1b2:	bf 92       	push	r11
 1b4:	cf 92       	push	r12
 1b6:	df 92       	push	r13
 1b8:	ef 92       	push	r14
 1ba:	ff 92       	push	r15
 1bc:	0f 93       	push	r16
 1be:	1f 93       	push	r17
 1c0:	cf 93       	push	r28
 1c2:	df 93       	push	r29
 1c4:	6c 01       	movw	r12, r24
 1c6:	7b 01       	movw	r14, r22
 1c8:	8b 01       	movw	r16, r22
 1ca:	04 0f       	add	r16, r20
 1cc:	15 1f       	adc	r17, r21
 1ce:	eb 01       	movw	r28, r22
 1d0:	5e 01       	movw	r10, r28
 1d2:	ae 18       	sub	r10, r14
 1d4:	bf 08       	sbc	r11, r15
C:\Users\User\AppData\Local\Arduino15\packages\MightyCore\hardware\avr\3.0.2\cores\MCUdude_corefiles/Print.cpp:37
  size_t n = 0;
  while (size--) {
 1d6:	c0 17       	cp	r28, r16
 1d8:	d1 07       	cpc	r29, r17
 1da:	59 f0       	breq	.+22     	; 0x1f2 <Print::write(unsigned char const*, unsigned int)+0x42>
C:\Users\User\AppData\Local\Arduino15\packages\MightyCore\hardware\avr\3.0.2\cores\MCUdude_corefiles/Print.cpp:38
    if (write(*buffer++)) n++;
 1dc:	69 91       	ld	r22, Y+
 1de:	d6 01       	movw	r26, r12
 1e0:	ed 91       	ld	r30, X+
 1e2:	fc 91       	ld	r31, X
 1e4:	01 90       	ld	r0, Z+
 1e6:	f0 81       	ld	r31, Z
 1e8:	e0 2d       	mov	r30, r0
 1ea:	c6 01       	movw	r24, r12
 1ec:	09 95       	icall
 1ee:	89 2b       	or	r24, r25
 1f0:	79 f7       	brne	.-34     	; 0x1d0 <Print::write(unsigned char const*, unsigned int)+0x20>
C:\Users\User\AppData\Local\Arduino15\packages\MightyCore\hardware\avr\3.0.2\cores\MCUdude_corefiles/Print.cpp:42
    else break;
  }
  return n;
}
 1f2:	c5 01       	movw	r24, r10
 1f4:	df 91       	pop	r29
 1f6:	cf 91       	pop	r28
 1f8:	1f 91       	pop	r17
 1fa:	0f 91       	pop	r16
 1fc:	ff 90       	pop	r15
 1fe:	ef 90       	pop	r14
 200:	df 90       	pop	r13
 202:	cf 90       	pop	r12
 204:	bf 90       	pop	r11
 206:	af 90       	pop	r10
 208:	08 95       	ret

0000020a <HardwareSerial::availableForWrite()>:
_ZN14HardwareSerial17availableForWriteEv():
C:\Users\User\AppData\Local\Arduino15\packages\MightyCore\hardware\avr\3.0.2\cores\MCUdude_corefiles/HardwareSerial.cpp:195
{
  tx_buffer_index_t head;
  tx_buffer_index_t tail;

  TX_BUFFER_ATOMIC {
    head = _tx_buffer_head;
 20a:	fc 01       	movw	r30, r24
 20c:	53 8d       	ldd	r21, Z+27	; 0x1b
C:\Users\User\AppData\Local\Arduino15\packages\MightyCore\hardware\avr\3.0.2\cores\MCUdude_corefiles/HardwareSerial.cpp:196
    tail = _tx_buffer_tail;
 20e:	44 8d       	ldd	r20, Z+28	; 0x1c
 210:	25 2f       	mov	r18, r21
 212:	30 e0       	ldi	r19, 0x00	; 0
 214:	84 2f       	mov	r24, r20
 216:	90 e0       	ldi	r25, 0x00	; 0
C:\Users\User\AppData\Local\Arduino15\packages\MightyCore\hardware\avr\3.0.2\cores\MCUdude_corefiles/HardwareSerial.cpp:198
  }
  if (head >= tail) return SERIAL_TX_BUFFER_SIZE - 1 - head + tail;
 218:	82 1b       	sub	r24, r18
 21a:	93 0b       	sbc	r25, r19
 21c:	54 17       	cp	r21, r20
 21e:	10 f0       	brcs	.+4      	; 0x224 <HardwareSerial::availableForWrite()+0x1a>
 220:	cf 96       	adiw	r24, 0x3f	; 63
 222:	08 95       	ret
C:\Users\User\AppData\Local\Arduino15\packages\MightyCore\hardware\avr\3.0.2\cores\MCUdude_corefiles/HardwareSerial.cpp:199
  return tail - head - 1;
 224:	01 97       	sbiw	r24, 0x01	; 1
C:\Users\User\AppData\Local\Arduino15\packages\MightyCore\hardware\avr\3.0.2\cores\MCUdude_corefiles/HardwareSerial.cpp:200
}
 226:	08 95       	ret

00000228 <HardwareSerial::read()>:
_ZN14HardwareSerial4readEv():
C:\Users\User\AppData\Local\Arduino15\packages\MightyCore\hardware\avr\3.0.2\cores\MCUdude_corefiles/HardwareSerial.cpp:178
    return _rx_buffer[_rx_buffer_tail];
  }
}

int HardwareSerial::read(void)
{
 228:	fc 01       	movw	r30, r24
C:\Users\User\AppData\Local\Arduino15\packages\MightyCore\hardware\avr\3.0.2\cores\MCUdude_corefiles/HardwareSerial.cpp:180
  // if the head isn't ahead of the tail, we don't have any characters
  if (_rx_buffer_head == _rx_buffer_tail) {
 22a:	91 8d       	ldd	r25, Z+25	; 0x19
 22c:	82 8d       	ldd	r24, Z+26	; 0x1a
 22e:	98 17       	cp	r25, r24
 230:	61 f0       	breq	.+24     	; 0x24a <HardwareSerial::read()+0x22>
C:\Users\User\AppData\Local\Arduino15\packages\MightyCore\hardware\avr\3.0.2\cores\MCUdude_corefiles/HardwareSerial.cpp:183
    return -1;
  } else {
    unsigned char c = _rx_buffer[_rx_buffer_tail];
 232:	a2 8d       	ldd	r26, Z+26	; 0x1a
 234:	ae 0f       	add	r26, r30
 236:	bf 2f       	mov	r27, r31
 238:	b1 1d       	adc	r27, r1
 23a:	5d 96       	adiw	r26, 0x1d	; 29
 23c:	8c 91       	ld	r24, X
C:\Users\User\AppData\Local\Arduino15\packages\MightyCore\hardware\avr\3.0.2\cores\MCUdude_corefiles/HardwareSerial.cpp:184
    _rx_buffer_tail = (rx_buffer_index_t)(_rx_buffer_tail + 1) % SERIAL_RX_BUFFER_SIZE;
 23e:	92 8d       	ldd	r25, Z+26	; 0x1a
 240:	9f 5f       	subi	r25, 0xFF	; 255
 242:	9f 73       	andi	r25, 0x3F	; 63
 244:	92 8f       	std	Z+26, r25	; 0x1a
C:\Users\User\AppData\Local\Arduino15\packages\MightyCore\hardware\avr\3.0.2\cores\MCUdude_corefiles/HardwareSerial.cpp:185
    return c;
 246:	90 e0       	ldi	r25, 0x00	; 0
 248:	08 95       	ret
C:\Users\User\AppData\Local\Arduino15\packages\MightyCore\hardware\avr\3.0.2\cores\MCUdude_corefiles/HardwareSerial.cpp:181

int HardwareSerial::read(void)
{
  // if the head isn't ahead of the tail, we don't have any characters
  if (_rx_buffer_head == _rx_buffer_tail) {
    return -1;
 24a:	8f ef       	ldi	r24, 0xFF	; 255
 24c:	9f ef       	ldi	r25, 0xFF	; 255
C:\Users\User\AppData\Local\Arduino15\packages\MightyCore\hardware\avr\3.0.2\cores\MCUdude_corefiles/HardwareSerial.cpp:187
  } else {
    unsigned char c = _rx_buffer[_rx_buffer_tail];
    _rx_buffer_tail = (rx_buffer_index_t)(_rx_buffer_tail + 1) % SERIAL_RX_BUFFER_SIZE;
    return c;
  }
}
 24e:	08 95       	ret

00000250 <HardwareSerial::peek()>:
_ZN14HardwareSerial4peekEv():
C:\Users\User\AppData\Local\Arduino15\packages\MightyCore\hardware\avr\3.0.2\cores\MCUdude_corefiles/HardwareSerial.cpp:169
{
  return ((unsigned int)(SERIAL_RX_BUFFER_SIZE + _rx_buffer_head - _rx_buffer_tail)) % SERIAL_RX_BUFFER_SIZE;
}

int HardwareSerial::peek(void)
{
 250:	fc 01       	movw	r30, r24
C:\Users\User\AppData\Local\Arduino15\packages\MightyCore\hardware\avr\3.0.2\cores\MCUdude_corefiles/HardwareSerial.cpp:170
  if (_rx_buffer_head == _rx_buffer_tail) {
 252:	91 8d       	ldd	r25, Z+25	; 0x19
 254:	82 8d       	ldd	r24, Z+26	; 0x1a
 256:	98 17       	cp	r25, r24
 258:	31 f0       	breq	.+12     	; 0x266 <HardwareSerial::peek()+0x16>
C:\Users\User\AppData\Local\Arduino15\packages\MightyCore\hardware\avr\3.0.2\cores\MCUdude_corefiles/HardwareSerial.cpp:173
    return -1;
  } else {
    return _rx_buffer[_rx_buffer_tail];
 25a:	82 8d       	ldd	r24, Z+26	; 0x1a
 25c:	e8 0f       	add	r30, r24
 25e:	f1 1d       	adc	r31, r1
 260:	85 8d       	ldd	r24, Z+29	; 0x1d
 262:	90 e0       	ldi	r25, 0x00	; 0
 264:	08 95       	ret
C:\Users\User\AppData\Local\Arduino15\packages\MightyCore\hardware\avr\3.0.2\cores\MCUdude_corefiles/HardwareSerial.cpp:171
}

int HardwareSerial::peek(void)
{
  if (_rx_buffer_head == _rx_buffer_tail) {
    return -1;
 266:	8f ef       	ldi	r24, 0xFF	; 255
 268:	9f ef       	ldi	r25, 0xFF	; 255
C:\Users\User\AppData\Local\Arduino15\packages\MightyCore\hardware\avr\3.0.2\cores\MCUdude_corefiles/HardwareSerial.cpp:175
  } else {
    return _rx_buffer[_rx_buffer_tail];
  }
}
 26a:	08 95       	ret

0000026c <HardwareSerial::available()>:
_ZN14HardwareSerial9availableEv():
C:\Users\User\AppData\Local\Arduino15\packages\MightyCore\hardware\avr\3.0.2\cores\MCUdude_corefiles/HardwareSerial.cpp:164
  // clear any received data
  _rx_buffer_head = _rx_buffer_tail;
}

int HardwareSerial::available(void)
{
 26c:	fc 01       	movw	r30, r24
C:\Users\User\AppData\Local\Arduino15\packages\MightyCore\hardware\avr\3.0.2\cores\MCUdude_corefiles/HardwareSerial.cpp:165
  return ((unsigned int)(SERIAL_RX_BUFFER_SIZE + _rx_buffer_head - _rx_buffer_tail)) % SERIAL_RX_BUFFER_SIZE;
 26e:	91 8d       	ldd	r25, Z+25	; 0x19
 270:	22 8d       	ldd	r18, Z+26	; 0x1a
 272:	89 2f       	mov	r24, r25
 274:	90 e0       	ldi	r25, 0x00	; 0
 276:	80 5c       	subi	r24, 0xC0	; 192
 278:	9f 4f       	sbci	r25, 0xFF	; 255
 27a:	82 1b       	sub	r24, r18
 27c:	91 09       	sbc	r25, r1
C:\Users\User\AppData\Local\Arduino15\packages\MightyCore\hardware\avr\3.0.2\cores\MCUdude_corefiles/HardwareSerial.cpp:166
}
 27e:	8f 73       	andi	r24, 0x3F	; 63
 280:	99 27       	eor	r25, r25
 282:	08 95       	ret

00000284 <Serial1_available()>:
_Z17Serial1_availablev():
C:\Users\User\AppData\Local\Arduino15\packages\MightyCore\hardware\avr\3.0.2\cores\MCUdude_corefiles/HardwareSerial1.cpp:68
HardwareSerial Serial1(&UBRR1H, &UBRR1L, &UCSR1A, &UCSR1B, &UCSR1C, &UDR1);

// Function that can be weakly referenced by serialEventRun to prevent
// pulling in this file if it's not otherwise used.
bool Serial1_available() {
  return Serial1.available();
 284:	8a e2       	ldi	r24, 0x2A	; 42
 286:	91 e0       	ldi	r25, 0x01	; 1
 288:	0e 94 36 01 	call	0x26c	; 0x26c <HardwareSerial::available()>
 28c:	21 e0       	ldi	r18, 0x01	; 1
 28e:	89 2b       	or	r24, r25
 290:	09 f4       	brne	.+2      	; 0x294 <Serial1_available()+0x10>
 292:	20 e0       	ldi	r18, 0x00	; 0
C:\Users\User\AppData\Local\Arduino15\packages\MightyCore\hardware\avr\3.0.2\cores\MCUdude_corefiles/HardwareSerial1.cpp:69
}
 294:	82 2f       	mov	r24, r18
 296:	08 95       	ret

00000298 <Serial0_available()>:
_Z17Serial0_availablev():
C:\Users\User\AppData\Local\Arduino15\packages\MightyCore\hardware\avr\3.0.2\cores\MCUdude_corefiles/HardwareSerial0.cpp:76
#endif

// Function that can be weakly referenced by serialEventRun to prevent
// pulling in this file if it's not otherwise used.
bool Serial0_available() {
  return Serial.available();
 298:	87 ec       	ldi	r24, 0xC7	; 199
 29a:	91 e0       	ldi	r25, 0x01	; 1
 29c:	0e 94 36 01 	call	0x26c	; 0x26c <HardwareSerial::available()>
 2a0:	21 e0       	ldi	r18, 0x01	; 1
 2a2:	89 2b       	or	r24, r25
 2a4:	09 f4       	brne	.+2      	; 0x2a8 <Serial0_available()+0x10>
 2a6:	20 e0       	ldi	r18, 0x00	; 0
C:\Users\User\AppData\Local\Arduino15\packages\MightyCore\hardware\avr\3.0.2\cores\MCUdude_corefiles/HardwareSerial0.cpp:77
}
 2a8:	82 2f       	mov	r24, r18
 2aa:	08 95       	ret

000002ac <HardwareSerial::_tx_udr_empty_irq()>:
_ZN14HardwareSerial17_tx_udr_empty_irqEv():
C:\Users\User\AppData\Local\Arduino15\packages\MightyCore\hardware\avr\3.0.2\cores\MCUdude_corefiles/HardwareSerial.cpp:90
#endif

// Actual interrupt handlers //////////////////////////////////////////////////////////////

void HardwareSerial::_tx_udr_empty_irq(void)
{
 2ac:	fc 01       	movw	r30, r24
C:\Users\User\AppData\Local\Arduino15\packages\MightyCore\hardware\avr\3.0.2\cores\MCUdude_corefiles/HardwareSerial.cpp:93
  // If interrupts are enabled, there must be more data in the output
  // buffer. Send the next byte
  unsigned char c = _tx_buffer[_tx_buffer_tail];
 2ae:	a4 8d       	ldd	r26, Z+28	; 0x1c
 2b0:	a8 0f       	add	r26, r24
 2b2:	b9 2f       	mov	r27, r25
 2b4:	b1 1d       	adc	r27, r1
 2b6:	a3 5a       	subi	r26, 0xA3	; 163
 2b8:	bf 4f       	sbci	r27, 0xFF	; 255
 2ba:	2c 91       	ld	r18, X
C:\Users\User\AppData\Local\Arduino15\packages\MightyCore\hardware\avr\3.0.2\cores\MCUdude_corefiles/HardwareSerial.cpp:94
  _tx_buffer_tail = (_tx_buffer_tail + 1) % SERIAL_TX_BUFFER_SIZE;
 2bc:	84 8d       	ldd	r24, Z+28	; 0x1c
 2be:	90 e0       	ldi	r25, 0x00	; 0
 2c0:	01 96       	adiw	r24, 0x01	; 1
 2c2:	8f 73       	andi	r24, 0x3F	; 63
 2c4:	99 27       	eor	r25, r25
 2c6:	84 8f       	std	Z+28, r24	; 0x1c
C:\Users\User\AppData\Local\Arduino15\packages\MightyCore\hardware\avr\3.0.2\cores\MCUdude_corefiles/HardwareSerial.cpp:96

  *_udr = c;
 2c8:	a6 89       	ldd	r26, Z+22	; 0x16
 2ca:	b7 89       	ldd	r27, Z+23	; 0x17
 2cc:	2c 93       	st	X, r18
C:\Users\User\AppData\Local\Arduino15\packages\MightyCore\hardware\avr\3.0.2\cores\MCUdude_corefiles/HardwareSerial.cpp:104
  // location". This makes sure flush() won't return until the bytes
  // actually got written. Other r/w bits are preserved, and zeroes
  // written to the rest.

  #ifdef MPCM0
    *_ucsra = ((*_ucsra) & ((1 << U2X0) | (1 << MPCM0))) | (1 << TXC0);
 2ce:	a0 89       	ldd	r26, Z+16	; 0x10
 2d0:	b1 89       	ldd	r27, Z+17	; 0x11
 2d2:	8c 91       	ld	r24, X
 2d4:	83 70       	andi	r24, 0x03	; 3
 2d6:	80 64       	ori	r24, 0x40	; 64
 2d8:	8c 93       	st	X, r24
C:\Users\User\AppData\Local\Arduino15\packages\MightyCore\hardware\avr\3.0.2\cores\MCUdude_corefiles/HardwareSerial.cpp:109
  #else
    *_ucsra = ((*_ucsra) & ((1 << U2X0) | (1 << TXC0)));
  #endif

  if (_tx_buffer_head == _tx_buffer_tail) {
 2da:	93 8d       	ldd	r25, Z+27	; 0x1b
 2dc:	84 8d       	ldd	r24, Z+28	; 0x1c
 2de:	98 13       	cpse	r25, r24
 2e0:	06 c0       	rjmp	.+12     	; 0x2ee <HardwareSerial::_tx_udr_empty_irq()+0x42>
C:\Users\User\AppData\Local\Arduino15\packages\MightyCore\hardware\avr\3.0.2\cores\MCUdude_corefiles/HardwareSerial.cpp:111
    // Buffer empty, so disable interrupts
    *_ucsrb &= ~_BV(UDRIE0);
 2e2:	02 88       	ldd	r0, Z+18	; 0x12
 2e4:	f3 89       	ldd	r31, Z+19	; 0x13
 2e6:	e0 2d       	mov	r30, r0
 2e8:	80 81       	ld	r24, Z
 2ea:	8f 7d       	andi	r24, 0xDF	; 223
 2ec:	80 83       	st	Z, r24
C:\Users\User\AppData\Local\Arduino15\packages\MightyCore\hardware\avr\3.0.2\cores\MCUdude_corefiles/HardwareSerial.cpp:113
  }
}
 2ee:	08 95       	ret

000002f0 <HardwareSerial::write(unsigned char)>:
_ZN14HardwareSerial5writeEh():
C:\Users\User\AppData\Local\Arduino15\packages\MightyCore\hardware\avr\3.0.2\cores\MCUdude_corefiles/HardwareSerial.cpp:223
  // If we get here, nothing is queued anymore (DRIE is disabled) and
  // the hardware finished tranmission (TXC is set).
}

size_t HardwareSerial::write(uint8_t c)
{
 2f0:	ef 92       	push	r14
 2f2:	ff 92       	push	r15
 2f4:	0f 93       	push	r16
 2f6:	1f 93       	push	r17
 2f8:	cf 93       	push	r28
 2fa:	df 93       	push	r29
 2fc:	ec 01       	movw	r28, r24
C:\Users\User\AppData\Local\Arduino15\packages\MightyCore\hardware\avr\3.0.2\cores\MCUdude_corefiles/HardwareSerial.cpp:224
  _written = true;
 2fe:	81 e0       	ldi	r24, 0x01	; 1
 300:	88 8f       	std	Y+24, r24	; 0x18
C:\Users\User\AppData\Local\Arduino15\packages\MightyCore\hardware\avr\3.0.2\cores\MCUdude_corefiles/HardwareSerial.cpp:229
  // If the buffer and the data register is empty, just write the byte
  // to the data register and be done. This shortcut helps
  // significantly improve the effective datarate at high (>
  // 500kbit/s) bitrates, where interrupt overhead becomes a slowdown.
  if (_tx_buffer_head == _tx_buffer_tail && bit_is_set(*_ucsra, UDRE0)) {
 302:	9b 8d       	ldd	r25, Y+27	; 0x1b
 304:	8c 8d       	ldd	r24, Y+28	; 0x1c
 306:	98 13       	cpse	r25, r24
 308:	1a c0       	rjmp	.+52     	; 0x33e <HardwareSerial::write(unsigned char)+0x4e>
 30a:	e8 89       	ldd	r30, Y+16	; 0x10
 30c:	f9 89       	ldd	r31, Y+17	; 0x11
 30e:	80 81       	ld	r24, Z
 310:	85 ff       	sbrs	r24, 5
 312:	15 c0       	rjmp	.+42     	; 0x33e <HardwareSerial::write(unsigned char)+0x4e>
C:\Users\User\AppData\Local\Arduino15\packages\MightyCore\hardware\avr\3.0.2\cores\MCUdude_corefiles/HardwareSerial.cpp:238
    // So writing UDR must happen first.
    // Writing UDR and clearing TC must be done atomically, otherwise
    // interrupts might delay the TXC clear so the byte written to UDR
    // is transmitted (setting TXC) before clearing TXC. Then TXC will
    // be cleared when no bytes are left, causing flush() to hang
    ATOMIC_BLOCK(ATOMIC_RESTORESTATE) {
 314:	9f b7       	in	r25, 0x3f	; 63
__iCliRetVal():
c:\users\user\appdata\local\arduino15\packages\arduino\tools\avr-gcc\7.3.0-atmel3.6.1-arduino7\avr\include\util/atomic.h:50
    return 1;
}

static __inline__ uint8_t __iCliRetVal(void)
{
    cli();
 316:	f8 94       	cli
_ZN14HardwareSerial5writeEh():
C:\Users\User\AppData\Local\Arduino15\packages\MightyCore\hardware\avr\3.0.2\cores\MCUdude_corefiles/HardwareSerial.cpp:239
      *_udr = c;
 318:	ee 89       	ldd	r30, Y+22	; 0x16
 31a:	ff 89       	ldd	r31, Y+23	; 0x17
 31c:	60 83       	st	Z, r22
C:\Users\User\AppData\Local\Arduino15\packages\MightyCore\hardware\avr\3.0.2\cores\MCUdude_corefiles/HardwareSerial.cpp:241
      #ifdef MPCM0
        *_ucsra = ((*_ucsra) & ((1 << U2X0) | (1 << MPCM0))) | (1 << TXC0);
 31e:	e8 89       	ldd	r30, Y+16	; 0x10
 320:	f9 89       	ldd	r31, Y+17	; 0x11
 322:	80 81       	ld	r24, Z
 324:	83 70       	andi	r24, 0x03	; 3
 326:	80 64       	ori	r24, 0x40	; 64
C:\Users\User\AppData\Local\Arduino15\packages\MightyCore\hardware\avr\3.0.2\cores\MCUdude_corefiles/HardwareSerial.cpp:271
  // make atomic to prevent execution of ISR between setting the
  // head pointer and setting the interrupt flag resulting in buffer
  // retransmission
  ATOMIC_BLOCK(ATOMIC_RESTORESTATE) {
    _tx_buffer_head = i;
    *_ucsrb |= _BV(UDRIE0);
 328:	80 83       	st	Z, r24
__iRestore():
c:\users\user\appdata\local\arduino15\packages\arduino\tools\avr-gcc\7.3.0-atmel3.6.1-arduino7\avr\include\util/atomic.h:70
    (void)__s;
}

static __inline__ void __iRestore(const  uint8_t *__s)
{
    SREG = *__s;
 32a:	9f bf       	out	0x3f, r25	; 63
_ZN14HardwareSerial5writeEh():
C:\Users\User\AppData\Local\Arduino15\packages\MightyCore\hardware\avr\3.0.2\cores\MCUdude_corefiles/HardwareSerial.cpp:275
  }
  
  return 1;
}
 32c:	81 e0       	ldi	r24, 0x01	; 1
 32e:	90 e0       	ldi	r25, 0x00	; 0
 330:	df 91       	pop	r29
 332:	cf 91       	pop	r28
 334:	1f 91       	pop	r17
 336:	0f 91       	pop	r16
 338:	ff 90       	pop	r15
 33a:	ef 90       	pop	r14
 33c:	08 95       	ret
 33e:	f6 2e       	mov	r15, r22
C:\Users\User\AppData\Local\Arduino15\packages\MightyCore\hardware\avr\3.0.2\cores\MCUdude_corefiles/HardwareSerial.cpp:248
        *_ucsra = ((*_ucsra) & ((1 << U2X0) | (1 << TXC0)));
      #endif
    }
    return 1;
  }
  tx_buffer_index_t i = (_tx_buffer_head + 1) % SERIAL_TX_BUFFER_SIZE;
 340:	0b 8d       	ldd	r16, Y+27	; 0x1b
 342:	10 e0       	ldi	r17, 0x00	; 0
 344:	0f 5f       	subi	r16, 0xFF	; 255
 346:	1f 4f       	sbci	r17, 0xFF	; 255
 348:	0f 73       	andi	r16, 0x3F	; 63
 34a:	11 27       	eor	r17, r17
 34c:	e0 2e       	mov	r14, r16
C:\Users\User\AppData\Local\Arduino15\packages\MightyCore\hardware\avr\3.0.2\cores\MCUdude_corefiles/HardwareSerial.cpp:252

  // If the output buffer is full, there's nothing for it other than to 
  // wait for the interrupt handler to empty it a bit
  while (i == _tx_buffer_tail) {
 34e:	8c 8d       	ldd	r24, Y+28	; 0x1c
 350:	8e 11       	cpse	r24, r14
 352:	0c c0       	rjmp	.+24     	; 0x36c <HardwareSerial::write(unsigned char)+0x7c>
C:\Users\User\AppData\Local\Arduino15\packages\MightyCore\hardware\avr\3.0.2\cores\MCUdude_corefiles/HardwareSerial.cpp:253
    if (bit_is_clear(SREG, SREG_I)) {
 354:	0f b6       	in	r0, 0x3f	; 63
 356:	07 fc       	sbrc	r0, 7
 358:	fa cf       	rjmp	.-12     	; 0x34e <HardwareSerial::write(unsigned char)+0x5e>
C:\Users\User\AppData\Local\Arduino15\packages\MightyCore\hardware\avr\3.0.2\cores\MCUdude_corefiles/HardwareSerial.cpp:258
      // Interrupts are disabled, so we'll have to poll the data
      // register empty flag ourselves. If it is set, pretend an
      // interrupt has happened and call the handler to free up
      // space for us.
      if(bit_is_set(*_ucsra, UDRE0))
 35a:	e8 89       	ldd	r30, Y+16	; 0x10
 35c:	f9 89       	ldd	r31, Y+17	; 0x11
 35e:	80 81       	ld	r24, Z
 360:	85 ff       	sbrs	r24, 5
 362:	f5 cf       	rjmp	.-22     	; 0x34e <HardwareSerial::write(unsigned char)+0x5e>
C:\Users\User\AppData\Local\Arduino15\packages\MightyCore\hardware\avr\3.0.2\cores\MCUdude_corefiles/HardwareSerial.cpp:259
        _tx_udr_empty_irq();
 364:	ce 01       	movw	r24, r28
 366:	0e 94 56 01 	call	0x2ac	; 0x2ac <HardwareSerial::_tx_udr_empty_irq()>
 36a:	f1 cf       	rjmp	.-30     	; 0x34e <HardwareSerial::write(unsigned char)+0x5e>
C:\Users\User\AppData\Local\Arduino15\packages\MightyCore\hardware\avr\3.0.2\cores\MCUdude_corefiles/HardwareSerial.cpp:265
    } else {
      // nop, the interrupt handler will free up space for us
    }
  }

  _tx_buffer[_tx_buffer_head] = c;
 36c:	eb 8d       	ldd	r30, Y+27	; 0x1b
 36e:	ec 0f       	add	r30, r28
 370:	fd 2f       	mov	r31, r29
 372:	f1 1d       	adc	r31, r1
 374:	e3 5a       	subi	r30, 0xA3	; 163
 376:	ff 4f       	sbci	r31, 0xFF	; 255
 378:	f0 82       	st	Z, r15
C:\Users\User\AppData\Local\Arduino15\packages\MightyCore\hardware\avr\3.0.2\cores\MCUdude_corefiles/HardwareSerial.cpp:269
  // make atomic to prevent execution of ISR between setting the
  // head pointer and setting the interrupt flag resulting in buffer
  // retransmission
  ATOMIC_BLOCK(ATOMIC_RESTORESTATE) {
 37a:	9f b7       	in	r25, 0x3f	; 63
__iCliRetVal():
c:\users\user\appdata\local\arduino15\packages\arduino\tools\avr-gcc\7.3.0-atmel3.6.1-arduino7\avr\include\util/atomic.h:50
    return 1;
}

static __inline__ uint8_t __iCliRetVal(void)
{
    cli();
 37c:	f8 94       	cli
_ZN14HardwareSerial5writeEh():
C:\Users\User\AppData\Local\Arduino15\packages\MightyCore\hardware\avr\3.0.2\cores\MCUdude_corefiles/HardwareSerial.cpp:270
    _tx_buffer_head = i;
 37e:	0b 8f       	std	Y+27, r16	; 0x1b
C:\Users\User\AppData\Local\Arduino15\packages\MightyCore\hardware\avr\3.0.2\cores\MCUdude_corefiles/HardwareSerial.cpp:271
    *_ucsrb |= _BV(UDRIE0);
 380:	ea 89       	ldd	r30, Y+18	; 0x12
 382:	fb 89       	ldd	r31, Y+19	; 0x13
 384:	80 81       	ld	r24, Z
 386:	80 62       	ori	r24, 0x20	; 32
 388:	cf cf       	rjmp	.-98     	; 0x328 <HardwareSerial::write(unsigned char)+0x38>

0000038a <HardwareSerial::flush()>:
_ZN14HardwareSerial5flushEv():
C:\Users\User\AppData\Local\Arduino15\packages\MightyCore\hardware\avr\3.0.2\cores\MCUdude_corefiles/HardwareSerial.cpp:203
  if (head >= tail) return SERIAL_TX_BUFFER_SIZE - 1 - head + tail;
  return tail - head - 1;
}

void HardwareSerial::flush()
{
 38a:	cf 93       	push	r28
 38c:	df 93       	push	r29
 38e:	ec 01       	movw	r28, r24
C:\Users\User\AppData\Local\Arduino15\packages\MightyCore\hardware\avr\3.0.2\cores\MCUdude_corefiles/HardwareSerial.cpp:207
  // If we have never written a byte, no need to flush. This special
  // case is needed since there is no way to force the TXC (transmit
  // complete) bit to 1 during initialization
  if (!_written)
 390:	88 8d       	ldd	r24, Y+24	; 0x18
 392:	88 23       	and	r24, r24
 394:	b9 f0       	breq	.+46     	; 0x3c4 <HardwareSerial::flush()+0x3a>
C:\Users\User\AppData\Local\Arduino15\packages\MightyCore\hardware\avr\3.0.2\cores\MCUdude_corefiles/HardwareSerial.cpp:210
    return;

  while (bit_is_set(*_ucsrb, UDRIE0) || bit_is_clear(*_ucsra, TXC0)) {
 396:	aa 89       	ldd	r26, Y+18	; 0x12
 398:	bb 89       	ldd	r27, Y+19	; 0x13
 39a:	e8 89       	ldd	r30, Y+16	; 0x10
 39c:	f9 89       	ldd	r31, Y+17	; 0x11
 39e:	8c 91       	ld	r24, X
 3a0:	85 fd       	sbrc	r24, 5
 3a2:	03 c0       	rjmp	.+6      	; 0x3aa <HardwareSerial::flush()+0x20>
 3a4:	80 81       	ld	r24, Z
 3a6:	86 fd       	sbrc	r24, 6
 3a8:	0d c0       	rjmp	.+26     	; 0x3c4 <HardwareSerial::flush()+0x3a>
C:\Users\User\AppData\Local\Arduino15\packages\MightyCore\hardware\avr\3.0.2\cores\MCUdude_corefiles/HardwareSerial.cpp:211
    if (bit_is_clear(SREG, SREG_I) && bit_is_set(*_ucsrb, UDRIE0))
 3aa:	0f b6       	in	r0, 0x3f	; 63
 3ac:	07 fc       	sbrc	r0, 7
 3ae:	f7 cf       	rjmp	.-18     	; 0x39e <HardwareSerial::flush()+0x14>
 3b0:	8c 91       	ld	r24, X
 3b2:	85 ff       	sbrs	r24, 5
 3b4:	f2 cf       	rjmp	.-28     	; 0x39a <HardwareSerial::flush()+0x10>
C:\Users\User\AppData\Local\Arduino15\packages\MightyCore\hardware\avr\3.0.2\cores\MCUdude_corefiles/HardwareSerial.cpp:215
      // Interrupts are globally disabled, but the DR empty
      // interrupt should be enabled, so poll the DR empty flag to
      // prevent deadlock
      if (bit_is_set(*_ucsra, UDRE0))
 3b6:	80 81       	ld	r24, Z
 3b8:	85 ff       	sbrs	r24, 5
 3ba:	ed cf       	rjmp	.-38     	; 0x396 <HardwareSerial::flush()+0xc>
C:\Users\User\AppData\Local\Arduino15\packages\MightyCore\hardware\avr\3.0.2\cores\MCUdude_corefiles/HardwareSerial.cpp:216
        _tx_udr_empty_irq();
 3bc:	ce 01       	movw	r24, r28
 3be:	0e 94 56 01 	call	0x2ac	; 0x2ac <HardwareSerial::_tx_udr_empty_irq()>
 3c2:	e9 cf       	rjmp	.-46     	; 0x396 <HardwareSerial::flush()+0xc>
C:\Users\User\AppData\Local\Arduino15\packages\MightyCore\hardware\avr\3.0.2\cores\MCUdude_corefiles/HardwareSerial.cpp:220
  }
  // If we get here, nothing is queued anymore (DRIE is disabled) and
  // the hardware finished tranmission (TXC is set).
}
 3c4:	df 91       	pop	r29
 3c6:	cf 91       	pop	r28
 3c8:	08 95       	ret

000003ca <serialEventRun()>:
_Z14serialEventRunv():
C:\Users\User\AppData\Local\Arduino15\packages\MightyCore\hardware\avr\3.0.2\cores\MCUdude_corefiles/HardwareSerial.cpp:67
#endif

void serialEventRun(void)
{
#if defined(HAVE_HWSERIAL0)
  if (Serial0_available && serialEvent && Serial0_available()) serialEvent();
 3ca:	80 e0       	ldi	r24, 0x00	; 0
 3cc:	90 e0       	ldi	r25, 0x00	; 0
 3ce:	89 2b       	or	r24, r25
 3d0:	29 f0       	breq	.+10     	; 0x3dc <serialEventRun()+0x12>
 3d2:	0e 94 4c 01 	call	0x298	; 0x298 <Serial0_available()>
 3d6:	81 11       	cpse	r24, r1
 3d8:	0e 94 00 00 	call	0	; 0x0 <__vectors>
C:\Users\User\AppData\Local\Arduino15\packages\MightyCore\hardware\avr\3.0.2\cores\MCUdude_corefiles/HardwareSerial.cpp:70
#endif
#if defined(HAVE_HWSERIAL1)
  if (Serial1_available && serialEvent1 && Serial1_available()) serialEvent1();
 3dc:	80 e0       	ldi	r24, 0x00	; 0
 3de:	90 e0       	ldi	r25, 0x00	; 0
 3e0:	89 2b       	or	r24, r25
 3e2:	29 f0       	breq	.+10     	; 0x3ee <serialEventRun()+0x24>
 3e4:	0e 94 42 01 	call	0x284	; 0x284 <Serial1_available()>
 3e8:	81 11       	cpse	r24, r1
 3ea:	0e 94 00 00 	call	0	; 0x0 <__vectors>
C:\Users\User\AppData\Local\Arduino15\packages\MightyCore\hardware\avr\3.0.2\cores\MCUdude_corefiles/HardwareSerial.cpp:73
#endif
#if defined(HAVE_HWSERIAL2)
  if (Serial2_available && serialEvent2 && Serial2_available()) serialEvent2();
 3ee:	80 e0       	ldi	r24, 0x00	; 0
 3f0:	90 e0       	ldi	r25, 0x00	; 0
 3f2:	89 2b       	or	r24, r25
 3f4:	49 f0       	breq	.+18     	; 0x408 <__EEPROM_REGION_LENGTH__+0x8>
 3f6:	80 e0       	ldi	r24, 0x00	; 0
 3f8:	90 e0       	ldi	r25, 0x00	; 0
 3fa:	89 2b       	or	r24, r25
 3fc:	29 f0       	breq	.+10     	; 0x408 <__EEPROM_REGION_LENGTH__+0x8>
 3fe:	0e 94 00 00 	call	0	; 0x0 <__vectors>
 402:	81 11       	cpse	r24, r1
 404:	0c 94 00 00 	jmp	0	; 0x0 <__vectors>
C:\Users\User\AppData\Local\Arduino15\packages\MightyCore\hardware\avr\3.0.2\cores\MCUdude_corefiles/HardwareSerial.cpp:78
#endif
#if defined(HAVE_HWSERIAL3)
  if (Serial3_available && serialEvent3 && Serial3_available()) serialEvent3();
#endif
}
 408:	08 95       	ret

0000040a <digitalWrite>:
digitalWrite():
C:\Users\User\AppData\Local\Arduino15\packages\MightyCore\hardware\avr\3.0.2\cores\MCUdude_corefiles/wiring_digital.c:189
  }
}

void digitalWrite(uint8_t pin, uint8_t val)
{
  uint8_t timer = digitalPinToTimer(pin);
 40a:	28 2f       	mov	r18, r24
 40c:	30 e0       	ldi	r19, 0x00	; 0
 40e:	f9 01       	movw	r30, r18
 410:	ee 5c       	subi	r30, 0xCE	; 206
 412:	fe 4f       	sbci	r31, 0xFE	; 254
 414:	94 91       	lpm	r25, Z
C:\Users\User\AppData\Local\Arduino15\packages\MightyCore\hardware\avr\3.0.2\cores\MCUdude_corefiles/wiring_digital.c:190
  uint8_t bit = digitalPinToBitMask(pin);
 416:	f9 01       	movw	r30, r18
 418:	e5 5f       	subi	r30, 0xF5	; 245
 41a:	fe 4f       	sbci	r31, 0xFE	; 254
 41c:	84 91       	lpm	r24, Z
C:\Users\User\AppData\Local\Arduino15\packages\MightyCore\hardware\avr\3.0.2\cores\MCUdude_corefiles/wiring_digital.c:191
  uint8_t port = digitalPinToPort(pin);
 41e:	2c 51       	subi	r18, 0x1C	; 28
 420:	3f 4f       	sbci	r19, 0xFF	; 255
 422:	f9 01       	movw	r30, r18
 424:	24 91       	lpm	r18, Z
C:\Users\User\AppData\Local\Arduino15\packages\MightyCore\hardware\avr\3.0.2\cores\MCUdude_corefiles/wiring_digital.c:194
  volatile uint8_t *out;

  if (port == NOT_A_PIN) return;
 426:	22 23       	and	r18, r18
 428:	09 f4       	brne	.+2      	; 0x42c <digitalWrite+0x22>
 42a:	2e c0       	rjmp	.+92     	; 0x488 <digitalWrite+0x7e>
C:\Users\User\AppData\Local\Arduino15\packages\MightyCore\hardware\avr\3.0.2\cores\MCUdude_corefiles/wiring_digital.c:198

  // If the pin that support PWM output, we need to turn it off
  // before doing a digital write.
  if (timer != NOT_ON_TIMER) turnOffPWM(timer);
 42c:	99 23       	and	r25, r25
 42e:	d9 f0       	breq	.+54     	; 0x466 <digitalWrite+0x5c>
turnOffPWM():
C:\Users\User\AppData\Local\Arduino15\packages\MightyCore\hardware\avr\3.0.2\cores\MCUdude_corefiles/wiring_digital.c:77
//
//static inline void turnOffPWM(uint8_t timer) __attribute__ ((always_inline));
//static inline void turnOffPWM(uint8_t timer)
static void turnOffPWM(uint8_t timer)
{
  switch (timer)
 430:	92 50       	subi	r25, 0x02	; 2
 432:	9d 30       	cpi	r25, 0x0D	; 13
 434:	c0 f4       	brcc	.+48     	; 0x466 <digitalWrite+0x5c>
 436:	e9 2f       	mov	r30, r25
 438:	f0 e0       	ldi	r31, 0x00	; 0
 43a:	ef 5d       	subi	r30, 0xDF	; 223
 43c:	fd 4f       	sbci	r31, 0xFD	; 253
 43e:	0c 94 a3 07 	jmp	0xf46	; 0xf46 <__tablejump2__>
 442:	67 02       	muls	r22, r23
 444:	6b 02       	muls	r22, r27
 446:	2e 02       	muls	r18, r30
 448:	45 02       	muls	r20, r21
 44a:	33 02       	muls	r19, r19
 44c:	33 02       	muls	r19, r19
 44e:	49 02       	muls	r20, r25
 450:	4f 02       	muls	r20, r31
 452:	53 02       	muls	r21, r19
 454:	59 02       	muls	r21, r25
 456:	33 02       	muls	r19, r19
 458:	5d 02       	muls	r21, r29
 45a:	63 02       	muls	r22, r19
C:\Users\User\AppData\Local\Arduino15\packages\MightyCore\hardware\avr\3.0.2\cores\MCUdude_corefiles/wiring_digital.c:82
  {
    // Timer1
    #if defined(TCCR1A) && defined(COM1A1)
      case TIMER1A:
        TCCR1A &= ~_BV(COM1A1);
 45c:	90 91 80 00 	lds	r25, 0x0080	; 0x800080 <__TEXT_REGION_LENGTH__+0x7f8080>
 460:	9f 77       	andi	r25, 0x7F	; 127
C:\Users\User\AppData\Local\Arduino15\packages\MightyCore\hardware\avr\3.0.2\cores\MCUdude_corefiles/wiring_digital.c:87
        break;
    #endif
    #if defined(TCCR1A) && defined(COM1B1)
      case TIMER1B:
        TCCR1A &= ~_BV(COM1B1);
 462:	90 93 80 00 	sts	0x0080, r25	; 0x800080 <__TEXT_REGION_LENGTH__+0x7f8080>
digitalWrite():
C:\Users\User\AppData\Local\Arduino15\packages\MightyCore\hardware\avr\3.0.2\cores\MCUdude_corefiles/wiring_digital.c:200

  // If the pin that support PWM output, we need to turn it off
  // before doing a digital write.
  if (timer != NOT_ON_TIMER) turnOffPWM(timer);

  out = portOutputRegister(port);
 466:	e2 2f       	mov	r30, r18
 468:	f0 e0       	ldi	r31, 0x00	; 0
 46a:	ee 0f       	add	r30, r30
 46c:	ff 1f       	adc	r31, r31
 46e:	e8 52       	subi	r30, 0x28	; 40
 470:	ff 4f       	sbci	r31, 0xFF	; 255
 472:	a5 91       	lpm	r26, Z+
 474:	b4 91       	lpm	r27, Z
C:\Users\User\AppData\Local\Arduino15\packages\MightyCore\hardware\avr\3.0.2\cores\MCUdude_corefiles/wiring_digital.c:202

  uint8_t oldSREG = SREG;
 476:	9f b7       	in	r25, 0x3f	; 63
C:\Users\User\AppData\Local\Arduino15\packages\MightyCore\hardware\avr\3.0.2\cores\MCUdude_corefiles/wiring_digital.c:203
  cli();
 478:	f8 94       	cli
C:\Users\User\AppData\Local\Arduino15\packages\MightyCore\hardware\avr\3.0.2\cores\MCUdude_corefiles/wiring_digital.c:206

  if (val == LOW) {
    *out &= ~bit;
 47a:	ec 91       	ld	r30, X
C:\Users\User\AppData\Local\Arduino15\packages\MightyCore\hardware\avr\3.0.2\cores\MCUdude_corefiles/wiring_digital.c:205
  out = portOutputRegister(port);

  uint8_t oldSREG = SREG;
  cli();

  if (val == LOW) {
 47c:	61 11       	cpse	r22, r1
 47e:	2e c0       	rjmp	.+92     	; 0x4dc <digitalWrite+0xd2>
C:\Users\User\AppData\Local\Arduino15\packages\MightyCore\hardware\avr\3.0.2\cores\MCUdude_corefiles/wiring_digital.c:206
    *out &= ~bit;
 480:	80 95       	com	r24
 482:	8e 23       	and	r24, r30
C:\Users\User\AppData\Local\Arduino15\packages\MightyCore\hardware\avr\3.0.2\cores\MCUdude_corefiles/wiring_digital.c:208
  } else {
    *out |= bit;
 484:	8c 93       	st	X, r24
C:\Users\User\AppData\Local\Arduino15\packages\MightyCore\hardware\avr\3.0.2\cores\MCUdude_corefiles/wiring_digital.c:211
  }

  SREG = oldSREG;
 486:	9f bf       	out	0x3f, r25	; 63
C:\Users\User\AppData\Local\Arduino15\packages\MightyCore\hardware\avr\3.0.2\cores\MCUdude_corefiles/wiring_digital.c:212
}
 488:	08 95       	ret
turnOffPWM():
C:\Users\User\AppData\Local\Arduino15\packages\MightyCore\hardware\avr\3.0.2\cores\MCUdude_corefiles/wiring_digital.c:87
        TCCR1A &= ~_BV(COM1A1);
        break;
    #endif
    #if defined(TCCR1A) && defined(COM1B1)
      case TIMER1B:
        TCCR1A &= ~_BV(COM1B1);
 48a:	90 91 80 00 	lds	r25, 0x0080	; 0x800080 <__TEXT_REGION_LENGTH__+0x7f8080>
 48e:	9f 7d       	andi	r25, 0xDF	; 223
 490:	e8 cf       	rjmp	.-48     	; 0x462 <digitalWrite+0x58>
C:\Users\User\AppData\Local\Arduino15\packages\MightyCore\hardware\avr\3.0.2\cores\MCUdude_corefiles/wiring_digital.c:104
        TCCR2 &= ~_BV(COM21);
        break;
    #endif
    #if defined(TCCR2A) && defined(COM2A1)
      case TIMER2A:
        TCCR2A &= ~_BV(COM2A1);
 492:	90 91 b0 00 	lds	r25, 0x00B0	; 0x8000b0 <__TEXT_REGION_LENGTH__+0x7f80b0>
 496:	9f 77       	andi	r25, 0x7F	; 127
C:\Users\User\AppData\Local\Arduino15\packages\MightyCore\hardware\avr\3.0.2\cores\MCUdude_corefiles/wiring_digital.c:109
        break;
    #endif
    #if defined(TCCR2A) && defined(COM2B1)
      case TIMER2B:
        TCCR2A &= ~_BV(COM2B1);
 498:	90 93 b0 00 	sts	0x00B0, r25	; 0x8000b0 <__TEXT_REGION_LENGTH__+0x7f80b0>
 49c:	e4 cf       	rjmp	.-56     	; 0x466 <digitalWrite+0x5c>
 49e:	90 91 b0 00 	lds	r25, 0x00B0	; 0x8000b0 <__TEXT_REGION_LENGTH__+0x7f80b0>
 4a2:	9f 7d       	andi	r25, 0xDF	; 223
 4a4:	f9 cf       	rjmp	.-14     	; 0x498 <digitalWrite+0x8e>
C:\Users\User\AppData\Local\Arduino15\packages\MightyCore\hardware\avr\3.0.2\cores\MCUdude_corefiles/wiring_digital.c:116
    #endif

    // Timer3
    #if defined(TCCR3A) && defined(COM3A1)
      case TIMER3A:
        TCCR3A &= ~_BV(COM3A1);
 4a6:	90 91 90 00 	lds	r25, 0x0090	; 0x800090 <__TEXT_REGION_LENGTH__+0x7f8090>
 4aa:	9f 77       	andi	r25, 0x7F	; 127
C:\Users\User\AppData\Local\Arduino15\packages\MightyCore\hardware\avr\3.0.2\cores\MCUdude_corefiles/wiring_digital.c:121
        break;
    #endif
    #if defined(TCCR3A) && defined(COM3B1)
      case TIMER3B:
        TCCR3A &= ~_BV(COM3B1);
 4ac:	90 93 90 00 	sts	0x0090, r25	; 0x800090 <__TEXT_REGION_LENGTH__+0x7f8090>
 4b0:	da cf       	rjmp	.-76     	; 0x466 <digitalWrite+0x5c>
 4b2:	90 91 90 00 	lds	r25, 0x0090	; 0x800090 <__TEXT_REGION_LENGTH__+0x7f8090>
 4b6:	9f 7d       	andi	r25, 0xDF	; 223
 4b8:	f9 cf       	rjmp	.-14     	; 0x4ac <digitalWrite+0xa2>
C:\Users\User\AppData\Local\Arduino15\packages\MightyCore\hardware\avr\3.0.2\cores\MCUdude_corefiles/wiring_digital.c:133
    #endif

    // Timer4
    #if defined(TCCR4A) && defined(COM4A1)
      case TIMER4A:
        TCCR4A &= ~_BV(COM4A1);
 4ba:	90 91 a0 00 	lds	r25, 0x00A0	; 0x8000a0 <__TEXT_REGION_LENGTH__+0x7f80a0>
 4be:	9f 77       	andi	r25, 0x7F	; 127
C:\Users\User\AppData\Local\Arduino15\packages\MightyCore\hardware\avr\3.0.2\cores\MCUdude_corefiles/wiring_digital.c:138
        break;
    #endif
    #if defined(TCCR4A) && defined(COM4B1)
      case  TIMER4B:
        TCCR4A &= ~_BV(COM4B1);
 4c0:	90 93 a0 00 	sts	0x00A0, r25	; 0x8000a0 <__TEXT_REGION_LENGTH__+0x7f80a0>
 4c4:	d0 cf       	rjmp	.-96     	; 0x466 <digitalWrite+0x5c>
 4c6:	90 91 a0 00 	lds	r25, 0x00A0	; 0x8000a0 <__TEXT_REGION_LENGTH__+0x7f80a0>
 4ca:	9f 7d       	andi	r25, 0xDF	; 223
 4cc:	f9 cf       	rjmp	.-14     	; 0x4c0 <digitalWrite+0xb6>
C:\Users\User\AppData\Local\Arduino15\packages\MightyCore\hardware\avr\3.0.2\cores\MCUdude_corefiles/wiring_digital.c:176
        TCCR0 &= ~_BV(COM01);
        break;
    #endif
    #if defined(TCCR0A) && defined(COM0A1)
      case TIMER0A:
        TCCR0A &= ~_BV(COM0A1);
 4ce:	94 b5       	in	r25, 0x24	; 36
 4d0:	9f 77       	andi	r25, 0x7F	; 127
C:\Users\User\AppData\Local\Arduino15\packages\MightyCore\hardware\avr\3.0.2\cores\MCUdude_corefiles/wiring_digital.c:181
        break;
    #endif
    #if defined(TCCR0A) && defined(COM0B1)
      case TIMER0B:
        TCCR0A &= ~_BV(COM0B1);
 4d2:	94 bd       	out	0x24, r25	; 36
 4d4:	c8 cf       	rjmp	.-112    	; 0x466 <digitalWrite+0x5c>
 4d6:	94 b5       	in	r25, 0x24	; 36
 4d8:	9f 7d       	andi	r25, 0xDF	; 223
 4da:	fb cf       	rjmp	.-10     	; 0x4d2 <digitalWrite+0xc8>
digitalWrite():
C:\Users\User\AppData\Local\Arduino15\packages\MightyCore\hardware\avr\3.0.2\cores\MCUdude_corefiles/wiring_digital.c:208
  cli();

  if (val == LOW) {
    *out &= ~bit;
  } else {
    *out |= bit;
 4dc:	8e 2b       	or	r24, r30
 4de:	d2 cf       	rjmp	.-92     	; 0x484 <digitalWrite+0x7a>

000004e0 <pinMode>:
pinMode():
C:\Users\User\AppData\Local\Arduino15\packages\MightyCore\hardware\avr\3.0.2\cores\MCUdude_corefiles/wiring_digital.c:30
#define ARDUINO_MAIN
#include "wiring_private.h"
#include "pins_arduino.h"

void pinMode(uint8_t pin, uint8_t mode)
{
 4e0:	cf 93       	push	r28
 4e2:	df 93       	push	r29
C:\Users\User\AppData\Local\Arduino15\packages\MightyCore\hardware\avr\3.0.2\cores\MCUdude_corefiles/wiring_digital.c:31
  uint8_t bit = digitalPinToBitMask(pin);
 4e4:	90 e0       	ldi	r25, 0x00	; 0
 4e6:	fc 01       	movw	r30, r24
 4e8:	e5 5f       	subi	r30, 0xF5	; 245
 4ea:	fe 4f       	sbci	r31, 0xFE	; 254
 4ec:	24 91       	lpm	r18, Z
C:\Users\User\AppData\Local\Arduino15\packages\MightyCore\hardware\avr\3.0.2\cores\MCUdude_corefiles/wiring_digital.c:32
  uint8_t port = digitalPinToPort(pin);
 4ee:	8c 51       	subi	r24, 0x1C	; 28
 4f0:	9f 4f       	sbci	r25, 0xFF	; 255
 4f2:	fc 01       	movw	r30, r24
 4f4:	84 91       	lpm	r24, Z
C:\Users\User\AppData\Local\Arduino15\packages\MightyCore\hardware\avr\3.0.2\cores\MCUdude_corefiles/wiring_digital.c:35
  volatile uint8_t *reg, *out;

  if (port == NOT_A_PIN) return;
 4f6:	88 23       	and	r24, r24
 4f8:	d1 f0       	breq	.+52     	; 0x52e <pinMode+0x4e>
C:\Users\User\AppData\Local\Arduino15\packages\MightyCore\hardware\avr\3.0.2\cores\MCUdude_corefiles/wiring_digital.c:38

  // JWS: can I let the optimizer do this?
  reg = portModeRegister(port);
 4fa:	90 e0       	ldi	r25, 0x00	; 0
 4fc:	88 0f       	add	r24, r24
 4fe:	99 1f       	adc	r25, r25
 500:	fc 01       	movw	r30, r24
 502:	e4 53       	subi	r30, 0x34	; 52
 504:	ff 4f       	sbci	r31, 0xFF	; 255
 506:	a5 91       	lpm	r26, Z+
 508:	b4 91       	lpm	r27, Z
C:\Users\User\AppData\Local\Arduino15\packages\MightyCore\hardware\avr\3.0.2\cores\MCUdude_corefiles/wiring_digital.c:39
  out = portOutputRegister(port);
 50a:	fc 01       	movw	r30, r24
 50c:	e8 52       	subi	r30, 0x28	; 40
 50e:	ff 4f       	sbci	r31, 0xFF	; 255
 510:	c5 91       	lpm	r28, Z+
 512:	d4 91       	lpm	r29, Z
C:\Users\User\AppData\Local\Arduino15\packages\MightyCore\hardware\avr\3.0.2\cores\MCUdude_corefiles/wiring_digital.c:41

  if (mode == INPUT) { 
 514:	61 11       	cpse	r22, r1
 516:	0e c0       	rjmp	.+28     	; 0x534 <pinMode+0x54>
C:\Users\User\AppData\Local\Arduino15\packages\MightyCore\hardware\avr\3.0.2\cores\MCUdude_corefiles/wiring_digital.c:42
    uint8_t oldSREG = SREG;
 518:	9f b7       	in	r25, 0x3f	; 63
C:\Users\User\AppData\Local\Arduino15\packages\MightyCore\hardware\avr\3.0.2\cores\MCUdude_corefiles/wiring_digital.c:43
    cli();
 51a:	f8 94       	cli
C:\Users\User\AppData\Local\Arduino15\packages\MightyCore\hardware\avr\3.0.2\cores\MCUdude_corefiles/wiring_digital.c:44
    *reg &= ~bit;
 51c:	8c 91       	ld	r24, X
 51e:	e2 2f       	mov	r30, r18
 520:	e0 95       	com	r30
 522:	8e 23       	and	r24, r30
 524:	8c 93       	st	X, r24
C:\Users\User\AppData\Local\Arduino15\packages\MightyCore\hardware\avr\3.0.2\cores\MCUdude_corefiles/wiring_digital.c:45
    *out &= ~bit;
 526:	28 81       	ld	r18, Y
 528:	e2 23       	and	r30, r18
 52a:	e8 83       	st	Y, r30
C:\Users\User\AppData\Local\Arduino15\packages\MightyCore\hardware\avr\3.0.2\cores\MCUdude_corefiles/wiring_digital.c:46
    SREG = oldSREG;
 52c:	9f bf       	out	0x3f, r25	; 63
C:\Users\User\AppData\Local\Arduino15\packages\MightyCore\hardware\avr\3.0.2\cores\MCUdude_corefiles/wiring_digital.c:59
    uint8_t oldSREG = SREG;
    cli();
    *reg |= bit;
    SREG = oldSREG;
  }
}
 52e:	df 91       	pop	r29
 530:	cf 91       	pop	r28
 532:	08 95       	ret
C:\Users\User\AppData\Local\Arduino15\packages\MightyCore\hardware\avr\3.0.2\cores\MCUdude_corefiles/wiring_digital.c:54
    cli();
    *reg &= ~bit;
    *out |= bit;
    SREG = oldSREG;
  } else {
    uint8_t oldSREG = SREG;
 534:	8f b7       	in	r24, 0x3f	; 63
C:\Users\User\AppData\Local\Arduino15\packages\MightyCore\hardware\avr\3.0.2\cores\MCUdude_corefiles/wiring_digital.c:55
    cli();
 536:	f8 94       	cli
C:\Users\User\AppData\Local\Arduino15\packages\MightyCore\hardware\avr\3.0.2\cores\MCUdude_corefiles/wiring_digital.c:56
    *reg |= bit;
 538:	ec 91       	ld	r30, X
 53a:	e2 2b       	or	r30, r18
 53c:	ec 93       	st	X, r30
C:\Users\User\AppData\Local\Arduino15\packages\MightyCore\hardware\avr\3.0.2\cores\MCUdude_corefiles/wiring_digital.c:57
    SREG = oldSREG;
 53e:	8f bf       	out	0x3f, r24	; 63
 540:	f6 cf       	rjmp	.-20     	; 0x52e <pinMode+0x4e>

00000542 <delayMicroseconds>:
delayMicroseconds():
C:\Users\User\AppData\Local\Arduino15\packages\MightyCore\hardware\avr\3.0.2\cores\MCUdude_corefiles/wiring.c:624
  if (us <= 1) return; //  = 3 cycles, (4 when true)

  // the following loop takes 1/4 of a microsecond (4 cycles)
  // per iteration, so execute it four times for each microsecond of
  // delay requested.
  us <<= 2; // x4 us, = 4 cycles
 542:	88 0f       	add	r24, r24
 544:	99 1f       	adc	r25, r25
 546:	88 0f       	add	r24, r24
 548:	99 1f       	adc	r25, r25
C:\Users\User\AppData\Local\Arduino15\packages\MightyCore\hardware\avr\3.0.2\cores\MCUdude_corefiles/wiring.c:629

  // account for the time taken in the preceeding commands.
  // we just burned 19 (21) cycles above, remove 5, (5*4=20)
  // to 2nd us is at least 8 so we can substract 5
  us -= 5; // = 2 cycles,
 54a:	05 97       	sbiw	r24, 0x05	; 5
C:\Users\User\AppData\Local\Arduino15\packages\MightyCore\hardware\avr\3.0.2\cores\MCUdude_corefiles/wiring.c:929
  us >>= 2; // us div 4, = 4 cycles

#endif

  // busy wait
  __asm__ __volatile__ (
 54c:	01 97       	sbiw	r24, 0x01	; 1
 54e:	f1 f7       	brne	.-4      	; 0x54c <delayMicroseconds+0xa>
C:\Users\User\AppData\Local\Arduino15\packages\MightyCore\hardware\avr\3.0.2\cores\MCUdude_corefiles/wiring.c:939
    "   brne 1b"                     // 2 cycles
    : /* no outputs */
    : "w" (us)
  );
  // return = 4 cycles
}
 550:	08 95       	ret

00000552 <__vector_29>:
__vector_29():
C:\Users\User\AppData\Local\Arduino15\packages\MightyCore\hardware\avr\3.0.2\cores\MCUdude_corefiles/HardwareSerial1.cpp:59
#elif defined(USART1_UDRE_vect)
ISR(USART1_UDRE_vect)
#else
#error "Don't know what the Data Register Empty vector is called for Serial1"
#endif
{
 552:	1f 92       	push	r1
 554:	0f 92       	push	r0
 556:	0f b6       	in	r0, 0x3f	; 63
 558:	0f 92       	push	r0
 55a:	11 24       	eor	r1, r1
 55c:	2f 93       	push	r18
 55e:	3f 93       	push	r19
 560:	4f 93       	push	r20
 562:	5f 93       	push	r21
 564:	6f 93       	push	r22
 566:	7f 93       	push	r23
 568:	8f 93       	push	r24
 56a:	9f 93       	push	r25
 56c:	af 93       	push	r26
 56e:	bf 93       	push	r27
 570:	ef 93       	push	r30
 572:	ff 93       	push	r31
C:\Users\User\AppData\Local\Arduino15\packages\MightyCore\hardware\avr\3.0.2\cores\MCUdude_corefiles/HardwareSerial1.cpp:60
  Serial1._tx_udr_empty_irq();
 574:	8a e2       	ldi	r24, 0x2A	; 42
 576:	91 e0       	ldi	r25, 0x01	; 1
 578:	0e 94 56 01 	call	0x2ac	; 0x2ac <HardwareSerial::_tx_udr_empty_irq()>
C:\Users\User\AppData\Local\Arduino15\packages\MightyCore\hardware\avr\3.0.2\cores\MCUdude_corefiles/HardwareSerial1.cpp:61
}
 57c:	ff 91       	pop	r31
 57e:	ef 91       	pop	r30
 580:	bf 91       	pop	r27
 582:	af 91       	pop	r26
 584:	9f 91       	pop	r25
 586:	8f 91       	pop	r24
 588:	7f 91       	pop	r23
 58a:	6f 91       	pop	r22
 58c:	5f 91       	pop	r21
 58e:	4f 91       	pop	r20
 590:	3f 91       	pop	r19
 592:	2f 91       	pop	r18
 594:	0f 90       	pop	r0
 596:	0f be       	out	0x3f, r0	; 63
 598:	0f 90       	pop	r0
 59a:	1f 90       	pop	r1
 59c:	18 95       	reti

0000059e <__vector_28>:
__vector_28():
C:\Users\User\AppData\Local\Arduino15\packages\MightyCore\hardware\avr\3.0.2\cores\MCUdude_corefiles/HardwareSerial1.cpp:48
#elif defined(USART1_RXC_vect)
ISR(USART1_RXC_vect)
#else
#error "Don't know what the Data Register Empty vector is called for Serial1"
#endif
{
 59e:	1f 92       	push	r1
 5a0:	0f 92       	push	r0
 5a2:	0f b6       	in	r0, 0x3f	; 63
 5a4:	0f 92       	push	r0
 5a6:	11 24       	eor	r1, r1
 5a8:	2f 93       	push	r18
 5aa:	8f 93       	push	r24
 5ac:	9f 93       	push	r25
 5ae:	ef 93       	push	r30
 5b0:	ff 93       	push	r31
_rx_complete_irq():
C:\Users\User\AppData\Local\Arduino15\packages\MightyCore\hardware\avr\3.0.2\cores\MCUdude_corefiles/HardwareSerial_private.h:100

// Actual interrupt handlers //////////////////////////////////////////////////////////////

void HardwareSerial::_rx_complete_irq(void)
{
  if (bit_is_clear(*_ucsra, UPE0)) {
 5b2:	e0 91 3a 01 	lds	r30, 0x013A	; 0x80013a <Serial1+0x10>
 5b6:	f0 91 3b 01 	lds	r31, 0x013B	; 0x80013b <Serial1+0x11>
 5ba:	80 81       	ld	r24, Z
 5bc:	e0 91 40 01 	lds	r30, 0x0140	; 0x800140 <Serial1+0x16>
 5c0:	f0 91 41 01 	lds	r31, 0x0141	; 0x800141 <Serial1+0x17>
 5c4:	82 fd       	sbrc	r24, 2
 5c6:	1b c0       	rjmp	.+54     	; 0x5fe <__vector_28+0x60>
C:\Users\User\AppData\Local\Arduino15\packages\MightyCore\hardware\avr\3.0.2\cores\MCUdude_corefiles/HardwareSerial_private.h:103
    // No Parity error, read byte and store it in the buffer if there is
    // room
    unsigned char c = *_udr;
 5c8:	90 81       	ld	r25, Z
C:\Users\User\AppData\Local\Arduino15\packages\MightyCore\hardware\avr\3.0.2\cores\MCUdude_corefiles/HardwareSerial_private.h:104
    rx_buffer_index_t i = (unsigned int)(_rx_buffer_head + 1) % SERIAL_RX_BUFFER_SIZE;
 5ca:	80 91 43 01 	lds	r24, 0x0143	; 0x800143 <Serial1+0x19>
 5ce:	8f 5f       	subi	r24, 0xFF	; 255
 5d0:	8f 73       	andi	r24, 0x3F	; 63
C:\Users\User\AppData\Local\Arduino15\packages\MightyCore\hardware\avr\3.0.2\cores\MCUdude_corefiles/HardwareSerial_private.h:110

    // if we should be storing the received character into the location
    // just before the tail (meaning that the head would advance to the
    // current location of the tail), we're about to overflow the buffer
    // and so we don't write the character or advance the head.
    if (i != _rx_buffer_tail) {
 5d2:	20 91 44 01 	lds	r18, 0x0144	; 0x800144 <Serial1+0x1a>
 5d6:	82 17       	cp	r24, r18
 5d8:	41 f0       	breq	.+16     	; 0x5ea <__vector_28+0x4c>
C:\Users\User\AppData\Local\Arduino15\packages\MightyCore\hardware\avr\3.0.2\cores\MCUdude_corefiles/HardwareSerial_private.h:111
      _rx_buffer[_rx_buffer_head] = c;
 5da:	e0 91 43 01 	lds	r30, 0x0143	; 0x800143 <Serial1+0x19>
 5de:	f0 e0       	ldi	r31, 0x00	; 0
 5e0:	e6 5d       	subi	r30, 0xD6	; 214
 5e2:	fe 4f       	sbci	r31, 0xFE	; 254
 5e4:	95 8f       	std	Z+29, r25	; 0x1d
C:\Users\User\AppData\Local\Arduino15\packages\MightyCore\hardware\avr\3.0.2\cores\MCUdude_corefiles/HardwareSerial_private.h:112
      _rx_buffer_head = i;
 5e6:	80 93 43 01 	sts	0x0143, r24	; 0x800143 <Serial1+0x19>
__vector_28():
C:\Users\User\AppData\Local\Arduino15\packages\MightyCore\hardware\avr\3.0.2\cores\MCUdude_corefiles/HardwareSerial1.cpp:50
  Serial1._rx_complete_irq();
}
 5ea:	ff 91       	pop	r31
 5ec:	ef 91       	pop	r30
 5ee:	9f 91       	pop	r25
 5f0:	8f 91       	pop	r24
 5f2:	2f 91       	pop	r18
 5f4:	0f 90       	pop	r0
 5f6:	0f be       	out	0x3f, r0	; 63
 5f8:	0f 90       	pop	r0
 5fa:	1f 90       	pop	r1
 5fc:	18 95       	reti
_rx_complete_irq():
C:\Users\User\AppData\Local\Arduino15\packages\MightyCore\hardware\avr\3.0.2\cores\MCUdude_corefiles/HardwareSerial_private.h:116
    }
  } else {
    // Parity error, read byte but discard it
    *_udr;
 5fe:	80 81       	ld	r24, Z
 600:	f4 cf       	rjmp	.-24     	; 0x5ea <__vector_28+0x4c>

00000602 <__vector_21>:
__vector_21():
C:\Users\User\AppData\Local\Arduino15\packages\MightyCore\hardware\avr\3.0.2\cores\MCUdude_corefiles/HardwareSerial0.cpp:63
#elif defined(USART0_UDRE_vect)
ISR(USART0_UDRE_vect)
#else
  #error "Don't know what the Data Register Empty vector is called for Serial"
#endif
{
 602:	1f 92       	push	r1
 604:	0f 92       	push	r0
 606:	0f b6       	in	r0, 0x3f	; 63
 608:	0f 92       	push	r0
 60a:	11 24       	eor	r1, r1
 60c:	2f 93       	push	r18
 60e:	3f 93       	push	r19
 610:	4f 93       	push	r20
 612:	5f 93       	push	r21
 614:	6f 93       	push	r22
 616:	7f 93       	push	r23
 618:	8f 93       	push	r24
 61a:	9f 93       	push	r25
 61c:	af 93       	push	r26
 61e:	bf 93       	push	r27
 620:	ef 93       	push	r30
 622:	ff 93       	push	r31
C:\Users\User\AppData\Local\Arduino15\packages\MightyCore\hardware\avr\3.0.2\cores\MCUdude_corefiles/HardwareSerial0.cpp:64
  Serial._tx_udr_empty_irq();
 624:	87 ec       	ldi	r24, 0xC7	; 199
 626:	91 e0       	ldi	r25, 0x01	; 1
 628:	0e 94 56 01 	call	0x2ac	; 0x2ac <HardwareSerial::_tx_udr_empty_irq()>
C:\Users\User\AppData\Local\Arduino15\packages\MightyCore\hardware\avr\3.0.2\cores\MCUdude_corefiles/HardwareSerial0.cpp:65
}
 62c:	ff 91       	pop	r31
 62e:	ef 91       	pop	r30
 630:	bf 91       	pop	r27
 632:	af 91       	pop	r26
 634:	9f 91       	pop	r25
 636:	8f 91       	pop	r24
 638:	7f 91       	pop	r23
 63a:	6f 91       	pop	r22
 63c:	5f 91       	pop	r21
 63e:	4f 91       	pop	r20
 640:	3f 91       	pop	r19
 642:	2f 91       	pop	r18
 644:	0f 90       	pop	r0
 646:	0f be       	out	0x3f, r0	; 63
 648:	0f 90       	pop	r0
 64a:	1f 90       	pop	r1
 64c:	18 95       	reti

0000064e <__vector_20>:
__vector_20():
C:\Users\User\AppData\Local\Arduino15\packages\MightyCore\hardware\avr\3.0.2\cores\MCUdude_corefiles/HardwareSerial0.cpp:50
#elif defined(USART_RX_vect)
  ISR(USART_RX_vect)
#else
  #error "Don't know what the Data Received vector is called for Serial"
#endif
  {
 64e:	1f 92       	push	r1
 650:	0f 92       	push	r0
 652:	0f b6       	in	r0, 0x3f	; 63
 654:	0f 92       	push	r0
 656:	11 24       	eor	r1, r1
 658:	2f 93       	push	r18
 65a:	8f 93       	push	r24
 65c:	9f 93       	push	r25
 65e:	ef 93       	push	r30
 660:	ff 93       	push	r31
_rx_complete_irq():
C:\Users\User\AppData\Local\Arduino15\packages\MightyCore\hardware\avr\3.0.2\cores\MCUdude_corefiles/HardwareSerial_private.h:100

// Actual interrupt handlers //////////////////////////////////////////////////////////////

void HardwareSerial::_rx_complete_irq(void)
{
  if (bit_is_clear(*_ucsra, UPE0)) {
 662:	e0 91 d7 01 	lds	r30, 0x01D7	; 0x8001d7 <Serial+0x10>
 666:	f0 91 d8 01 	lds	r31, 0x01D8	; 0x8001d8 <Serial+0x11>
 66a:	80 81       	ld	r24, Z
 66c:	e0 91 dd 01 	lds	r30, 0x01DD	; 0x8001dd <Serial+0x16>
 670:	f0 91 de 01 	lds	r31, 0x01DE	; 0x8001de <Serial+0x17>
 674:	82 fd       	sbrc	r24, 2
 676:	1b c0       	rjmp	.+54     	; 0x6ae <__vector_20+0x60>
C:\Users\User\AppData\Local\Arduino15\packages\MightyCore\hardware\avr\3.0.2\cores\MCUdude_corefiles/HardwareSerial_private.h:103
    // No Parity error, read byte and store it in the buffer if there is
    // room
    unsigned char c = *_udr;
 678:	90 81       	ld	r25, Z
C:\Users\User\AppData\Local\Arduino15\packages\MightyCore\hardware\avr\3.0.2\cores\MCUdude_corefiles/HardwareSerial_private.h:104
    rx_buffer_index_t i = (unsigned int)(_rx_buffer_head + 1) % SERIAL_RX_BUFFER_SIZE;
 67a:	80 91 e0 01 	lds	r24, 0x01E0	; 0x8001e0 <Serial+0x19>
 67e:	8f 5f       	subi	r24, 0xFF	; 255
 680:	8f 73       	andi	r24, 0x3F	; 63
C:\Users\User\AppData\Local\Arduino15\packages\MightyCore\hardware\avr\3.0.2\cores\MCUdude_corefiles/HardwareSerial_private.h:110

    // if we should be storing the received character into the location
    // just before the tail (meaning that the head would advance to the
    // current location of the tail), we're about to overflow the buffer
    // and so we don't write the character or advance the head.
    if (i != _rx_buffer_tail) {
 682:	20 91 e1 01 	lds	r18, 0x01E1	; 0x8001e1 <Serial+0x1a>
 686:	82 17       	cp	r24, r18
 688:	41 f0       	breq	.+16     	; 0x69a <__vector_20+0x4c>
C:\Users\User\AppData\Local\Arduino15\packages\MightyCore\hardware\avr\3.0.2\cores\MCUdude_corefiles/HardwareSerial_private.h:111
      _rx_buffer[_rx_buffer_head] = c;
 68a:	e0 91 e0 01 	lds	r30, 0x01E0	; 0x8001e0 <Serial+0x19>
 68e:	f0 e0       	ldi	r31, 0x00	; 0
 690:	e9 53       	subi	r30, 0x39	; 57
 692:	fe 4f       	sbci	r31, 0xFE	; 254
 694:	95 8f       	std	Z+29, r25	; 0x1d
C:\Users\User\AppData\Local\Arduino15\packages\MightyCore\hardware\avr\3.0.2\cores\MCUdude_corefiles/HardwareSerial_private.h:112
      _rx_buffer_head = i;
 696:	80 93 e0 01 	sts	0x01E0, r24	; 0x8001e0 <Serial+0x19>
__vector_20():
C:\Users\User\AppData\Local\Arduino15\packages\MightyCore\hardware\avr\3.0.2\cores\MCUdude_corefiles/HardwareSerial0.cpp:52
    Serial._rx_complete_irq();
  }
 69a:	ff 91       	pop	r31
 69c:	ef 91       	pop	r30
 69e:	9f 91       	pop	r25
 6a0:	8f 91       	pop	r24
 6a2:	2f 91       	pop	r18
 6a4:	0f 90       	pop	r0
 6a6:	0f be       	out	0x3f, r0	; 63
 6a8:	0f 90       	pop	r0
 6aa:	1f 90       	pop	r1
 6ac:	18 95       	reti
_rx_complete_irq():
C:\Users\User\AppData\Local\Arduino15\packages\MightyCore\hardware\avr\3.0.2\cores\MCUdude_corefiles/HardwareSerial_private.h:116
    }
  } else {
    // Parity error, read byte but discard it
    *_udr;
 6ae:	80 81       	ld	r24, Z
 6b0:	f4 cf       	rjmp	.-24     	; 0x69a <__vector_20+0x4c>

000006b2 <__vector_18>:
__vector_18():
C:\Users\User\AppData\Local\Arduino15\packages\MightyCore\hardware\avr\3.0.2\cores\MCUdude_corefiles/wiring.c:159
#if defined(__AVR_ATtiny24__) || defined(__AVR_ATtiny44__) || defined(__AVR_ATtiny84__)
ISR(TIM0_OVF_vect)
#else
ISR(TIMER0_OVF_vect)
#endif
{
 6b2:	1f 92       	push	r1
 6b4:	0f 92       	push	r0
 6b6:	0f b6       	in	r0, 0x3f	; 63
 6b8:	0f 92       	push	r0
 6ba:	11 24       	eor	r1, r1
 6bc:	2f 93       	push	r18
 6be:	3f 93       	push	r19
 6c0:	8f 93       	push	r24
 6c2:	9f 93       	push	r25
 6c4:	af 93       	push	r26
 6c6:	bf 93       	push	r27
C:\Users\User\AppData\Local\Arduino15\packages\MightyCore\hardware\avr\3.0.2\cores\MCUdude_corefiles/wiring.c:167
  static unsigned char timer0_exact = 0;
#endif

  // copy these to local variables so they can be stored in registers
  // (volatile variables must be read from memory on every access, so this saves time)
  unsigned long m = timer0_millis;
 6c8:	80 91 64 02 	lds	r24, 0x0264	; 0x800264 <timer0_millis>
 6cc:	90 91 65 02 	lds	r25, 0x0265	; 0x800265 <timer0_millis+0x1>
 6d0:	a0 91 66 02 	lds	r26, 0x0266	; 0x800266 <timer0_millis+0x2>
 6d4:	b0 91 67 02 	lds	r27, 0x0267	; 0x800267 <timer0_millis+0x3>
C:\Users\User\AppData\Local\Arduino15\packages\MightyCore\hardware\avr\3.0.2\cores\MCUdude_corefiles/wiring.c:168
  unsigned char f = timer0_fract;
 6d8:	30 91 19 01 	lds	r19, 0x0119	; 0x800119 <timer0_fract>
C:\Users\User\AppData\Local\Arduino15\packages\MightyCore\hardware\avr\3.0.2\cores\MCUdude_corefiles/wiring.c:170

  f += FRACT_INC FRACT_INC_PLUS;
 6dc:	23 e0       	ldi	r18, 0x03	; 3
 6de:	23 0f       	add	r18, r19
C:\Users\User\AppData\Local\Arduino15\packages\MightyCore\hardware\avr\3.0.2\cores\MCUdude_corefiles/wiring.c:200
    ++f;
  }
#endif
#endif // CORRECT_EXACT_MILLIS

  if (f >= FRACT_MAX) {
 6e0:	2d 37       	cpi	r18, 0x7D	; 125
 6e2:	68 f1       	brcs	.+90     	; 0x73e <__vector_18+0x8c>
C:\Users\User\AppData\Local\Arduino15\packages\MightyCore\hardware\avr\3.0.2\cores\MCUdude_corefiles/wiring.c:201
    f -= FRACT_MAX;
 6e4:	26 e8       	ldi	r18, 0x86	; 134
 6e6:	23 0f       	add	r18, r19
C:\Users\User\AppData\Local\Arduino15\packages\MightyCore\hardware\avr\3.0.2\cores\MCUdude_corefiles/wiring.c:202
    m += MILLIS_INC + 1;
 6e8:	02 96       	adiw	r24, 0x02	; 2
 6ea:	a1 1d       	adc	r26, r1
 6ec:	b1 1d       	adc	r27, r1
C:\Users\User\AppData\Local\Arduino15\packages\MightyCore\hardware\avr\3.0.2\cores\MCUdude_corefiles/wiring.c:208
  }
  else {
    m += MILLIS_INC;
  }

  timer0_fract = f;
 6ee:	20 93 19 01 	sts	0x0119, r18	; 0x800119 <timer0_fract>
C:\Users\User\AppData\Local\Arduino15\packages\MightyCore\hardware\avr\3.0.2\cores\MCUdude_corefiles/wiring.c:209
  timer0_millis = m;
 6f2:	80 93 64 02 	sts	0x0264, r24	; 0x800264 <timer0_millis>
 6f6:	90 93 65 02 	sts	0x0265, r25	; 0x800265 <timer0_millis+0x1>
 6fa:	a0 93 66 02 	sts	0x0266, r26	; 0x800266 <timer0_millis+0x2>
 6fe:	b0 93 67 02 	sts	0x0267, r27	; 0x800267 <timer0_millis+0x3>
C:\Users\User\AppData\Local\Arduino15\packages\MightyCore\hardware\avr\3.0.2\cores\MCUdude_corefiles/wiring.c:211
#ifndef CORRECT_EXACT_MICROS
  timer0_overflow_count++;
 702:	80 91 15 01 	lds	r24, 0x0115	; 0x800115 <timer0_overflow_count>
 706:	90 91 16 01 	lds	r25, 0x0116	; 0x800116 <timer0_overflow_count+0x1>
 70a:	a0 91 17 01 	lds	r26, 0x0117	; 0x800117 <timer0_overflow_count+0x2>
 70e:	b0 91 18 01 	lds	r27, 0x0118	; 0x800118 <timer0_overflow_count+0x3>
 712:	01 96       	adiw	r24, 0x01	; 1
 714:	a1 1d       	adc	r26, r1
 716:	b1 1d       	adc	r27, r1
 718:	80 93 15 01 	sts	0x0115, r24	; 0x800115 <timer0_overflow_count>
 71c:	90 93 16 01 	sts	0x0116, r25	; 0x800116 <timer0_overflow_count+0x1>
 720:	a0 93 17 01 	sts	0x0117, r26	; 0x800117 <timer0_overflow_count+0x2>
 724:	b0 93 18 01 	sts	0x0118, r27	; 0x800118 <timer0_overflow_count+0x3>
C:\Users\User\AppData\Local\Arduino15\packages\MightyCore\hardware\avr\3.0.2\cores\MCUdude_corefiles/wiring.c:213
#endif
}
 728:	bf 91       	pop	r27
 72a:	af 91       	pop	r26
 72c:	9f 91       	pop	r25
 72e:	8f 91       	pop	r24
 730:	3f 91       	pop	r19
 732:	2f 91       	pop	r18
 734:	0f 90       	pop	r0
 736:	0f be       	out	0x3f, r0	; 63
 738:	0f 90       	pop	r0
 73a:	1f 90       	pop	r1
 73c:	18 95       	reti
C:\Users\User\AppData\Local\Arduino15\packages\MightyCore\hardware\avr\3.0.2\cores\MCUdude_corefiles/wiring.c:205
  if (f >= FRACT_MAX) {
    f -= FRACT_MAX;
    m += MILLIS_INC + 1;
  }
  else {
    m += MILLIS_INC;
 73e:	01 96       	adiw	r24, 0x01	; 1
 740:	a1 1d       	adc	r26, r1
 742:	b1 1d       	adc	r27, r1
 744:	d4 cf       	rjmp	.-88     	; 0x6ee <__vector_18+0x3c>

00000746 <__vector_13>:
__vector_13():
C:\Users\User\Documents\Arduino\libraries\Servo\src\avr/Servo.cpp:81

#ifndef WIRING // Wiring pre-defines signal handlers so don't define any if compiling for the Wiring platform
// Interrupt handlers for Arduino
#if defined(_useTimer1)
SIGNAL (TIMER1_COMPA_vect)
{
 746:	1f 92       	push	r1
 748:	0f 92       	push	r0
 74a:	0f b6       	in	r0, 0x3f	; 63
 74c:	0f 92       	push	r0
 74e:	11 24       	eor	r1, r1
 750:	2f 93       	push	r18
 752:	3f 93       	push	r19
 754:	4f 93       	push	r20
 756:	5f 93       	push	r21
 758:	6f 93       	push	r22
 75a:	7f 93       	push	r23
 75c:	8f 93       	push	r24
 75e:	9f 93       	push	r25
 760:	af 93       	push	r26
 762:	bf 93       	push	r27
 764:	cf 93       	push	r28
 766:	df 93       	push	r29
 768:	ef 93       	push	r30
 76a:	ff 93       	push	r31
handle_interrupts():
C:\Users\User\Documents\Arduino\libraries\Servo\src\avr/Servo.cpp:54

/************ static functions common to all instances ***********************/

static inline void handle_interrupts(timer16_Sequence_t timer, volatile uint16_t *TCNTn, volatile uint16_t* OCRnA)
{
  if( Channel[timer] < 0 )
 76c:	80 91 14 01 	lds	r24, 0x0114	; 0x800114 <__data_end>
 770:	c0 91 8c 02 	lds	r28, 0x028C	; 0x80028c <ServoCount>
 774:	d0 e0       	ldi	r29, 0x00	; 0
 776:	87 ff       	sbrs	r24, 7
 778:	24 c0       	rjmp	.+72     	; 0x7c2 <__vector_13+0x7c>
C:\Users\User\Documents\Arduino\libraries\Servo\src\avr/Servo.cpp:55
    *TCNTn = 0; // channel set to -1 indicated that refresh interval completed so reset the timer
 77a:	10 92 85 00 	sts	0x0085, r1	; 0x800085 <__TEXT_REGION_LENGTH__+0x7f8085>
 77e:	10 92 84 00 	sts	0x0084, r1	; 0x800084 <__TEXT_REGION_LENGTH__+0x7f8084>
C:\Users\User\Documents\Arduino\libraries\Servo\src\avr/Servo.cpp:61
  else{
    if( SERVO_INDEX(timer,Channel[timer]) < ServoCount && SERVO(timer,Channel[timer]).Pin.isActive == true )
      digitalWrite( SERVO(timer,Channel[timer]).Pin.nbr,LOW); // pulse this channel low if activated
  }

  Channel[timer]++;    // increment to the next channel
 782:	80 91 14 01 	lds	r24, 0x0114	; 0x800114 <__data_end>
 786:	8f 5f       	subi	r24, 0xFF	; 255
 788:	80 93 14 01 	sts	0x0114, r24	; 0x800114 <__data_end>
C:\Users\User\Documents\Arduino\libraries\Servo\src\avr/Servo.cpp:62
  if( SERVO_INDEX(timer,Channel[timer]) < ServoCount && Channel[timer] < SERVOS_PER_TIMER) {
 78c:	80 91 14 01 	lds	r24, 0x0114	; 0x800114 <__data_end>
 790:	08 2e       	mov	r0, r24
 792:	00 0c       	add	r0, r0
 794:	99 0b       	sbc	r25, r25
 796:	8c 17       	cp	r24, r28
 798:	9d 07       	cpc	r25, r29
 79a:	24 f4       	brge	.+8      	; 0x7a4 <__vector_13+0x5e>
 79c:	80 91 14 01 	lds	r24, 0x0114	; 0x800114 <__data_end>
 7a0:	8c 30       	cpi	r24, 0x0C	; 12
 7a2:	c4 f1       	brlt	.+112    	; 0x814 <__DATA_REGION_LENGTH__+0x14>
C:\Users\User\Documents\Arduino\libraries\Servo\src\avr/Servo.cpp:69
    if(SERVO(timer,Channel[timer]).Pin.isActive == true)     // check if activated
      digitalWrite( SERVO(timer,Channel[timer]).Pin.nbr,HIGH); // it's an active channel so pulse it high
  }
  else {
    // finished all channels so wait for the refresh period to expire before starting over
    if( ((unsigned)*TCNTn) + 4 < usToTicks(REFRESH_INTERVAL) )  // allow a few ticks to ensure the next OCR1A not missed
 7a4:	80 91 84 00 	lds	r24, 0x0084	; 0x800084 <__TEXT_REGION_LENGTH__+0x7f8084>
 7a8:	90 91 85 00 	lds	r25, 0x0085	; 0x800085 <__TEXT_REGION_LENGTH__+0x7f8085>
 7ac:	04 96       	adiw	r24, 0x04	; 4
 7ae:	80 34       	cpi	r24, 0x40	; 64
 7b0:	9c 49       	sbci	r25, 0x9C	; 156
 7b2:	08 f4       	brcc	.+2      	; 0x7b6 <__vector_13+0x70>
 7b4:	7a c0       	rjmp	.+244    	; 0x8aa <__DATA_REGION_LENGTH__+0xaa>
C:\Users\User\Documents\Arduino\libraries\Servo\src\avr/Servo.cpp:72
      *OCRnA = (unsigned int)usToTicks(REFRESH_INTERVAL);
    else
      *OCRnA = *TCNTn + 4;  // at least REFRESH_INTERVAL has elapsed
 7b6:	80 91 84 00 	lds	r24, 0x0084	; 0x800084 <__TEXT_REGION_LENGTH__+0x7f8084>
 7ba:	90 91 85 00 	lds	r25, 0x0085	; 0x800085 <__TEXT_REGION_LENGTH__+0x7f8085>
 7be:	04 96       	adiw	r24, 0x04	; 4
 7c0:	76 c0       	rjmp	.+236    	; 0x8ae <__DATA_REGION_LENGTH__+0xae>
C:\Users\User\Documents\Arduino\libraries\Servo\src\avr/Servo.cpp:57
static inline void handle_interrupts(timer16_Sequence_t timer, volatile uint16_t *TCNTn, volatile uint16_t* OCRnA)
{
  if( Channel[timer] < 0 )
    *TCNTn = 0; // channel set to -1 indicated that refresh interval completed so reset the timer
  else{
    if( SERVO_INDEX(timer,Channel[timer]) < ServoCount && SERVO(timer,Channel[timer]).Pin.isActive == true )
 7c2:	80 91 14 01 	lds	r24, 0x0114	; 0x800114 <__data_end>
 7c6:	08 2e       	mov	r0, r24
 7c8:	00 0c       	add	r0, r0
 7ca:	99 0b       	sbc	r25, r25
 7cc:	8c 17       	cp	r24, r28
 7ce:	9d 07       	cpc	r25, r29
 7d0:	c4 f6       	brge	.-80     	; 0x782 <__vector_13+0x3c>
 7d2:	e0 91 14 01 	lds	r30, 0x0114	; 0x800114 <__data_end>
 7d6:	8e 2f       	mov	r24, r30
 7d8:	ee 0f       	add	r30, r30
 7da:	99 0b       	sbc	r25, r25
 7dc:	fc 01       	movw	r30, r24
 7de:	ee 0f       	add	r30, r30
 7e0:	ff 1f       	adc	r31, r31
 7e2:	e8 0f       	add	r30, r24
 7e4:	f9 1f       	adc	r31, r25
 7e6:	e8 59       	subi	r30, 0x98	; 152
 7e8:	fd 4f       	sbci	r31, 0xFD	; 253
 7ea:	80 81       	ld	r24, Z
 7ec:	86 ff       	sbrs	r24, 6
 7ee:	c9 cf       	rjmp	.-110    	; 0x782 <__vector_13+0x3c>
C:\Users\User\Documents\Arduino\libraries\Servo\src\avr/Servo.cpp:58
      digitalWrite( SERVO(timer,Channel[timer]).Pin.nbr,LOW); // pulse this channel low if activated
 7f0:	e0 91 14 01 	lds	r30, 0x0114	; 0x800114 <__data_end>
 7f4:	8e 2f       	mov	r24, r30
 7f6:	ee 0f       	add	r30, r30
 7f8:	99 0b       	sbc	r25, r25
 7fa:	fc 01       	movw	r30, r24
 7fc:	ee 0f       	add	r30, r30
 7fe:	ff 1f       	adc	r31, r31
 800:	e8 0f       	add	r30, r24
 802:	f9 1f       	adc	r31, r25
 804:	e8 59       	subi	r30, 0x98	; 152
 806:	fd 4f       	sbci	r31, 0xFD	; 253
 808:	80 81       	ld	r24, Z
 80a:	60 e0       	ldi	r22, 0x00	; 0
 80c:	8f 73       	andi	r24, 0x3F	; 63
 80e:	0e 94 05 02 	call	0x40a	; 0x40a <digitalWrite>
 812:	b7 cf       	rjmp	.-146    	; 0x782 <__vector_13+0x3c>
C:\Users\User\Documents\Arduino\libraries\Servo\src\avr/Servo.cpp:63
  }

  Channel[timer]++;    // increment to the next channel
  if( SERVO_INDEX(timer,Channel[timer]) < ServoCount && Channel[timer] < SERVOS_PER_TIMER) {
    *OCRnA = *TCNTn + SERVO(timer,Channel[timer]).ticks;
 814:	20 91 84 00 	lds	r18, 0x0084	; 0x800084 <__TEXT_REGION_LENGTH__+0x7f8084>
 818:	30 91 85 00 	lds	r19, 0x0085	; 0x800085 <__TEXT_REGION_LENGTH__+0x7f8085>
 81c:	e0 91 14 01 	lds	r30, 0x0114	; 0x800114 <__data_end>
 820:	8e 2f       	mov	r24, r30
 822:	ee 0f       	add	r30, r30
 824:	99 0b       	sbc	r25, r25
 826:	fc 01       	movw	r30, r24
 828:	ee 0f       	add	r30, r30
 82a:	ff 1f       	adc	r31, r31
 82c:	e8 0f       	add	r30, r24
 82e:	f9 1f       	adc	r31, r25
 830:	e8 59       	subi	r30, 0x98	; 152
 832:	fd 4f       	sbci	r31, 0xFD	; 253
 834:	81 81       	ldd	r24, Z+1	; 0x01
 836:	92 81       	ldd	r25, Z+2	; 0x02
 838:	82 0f       	add	r24, r18
 83a:	93 1f       	adc	r25, r19
 83c:	90 93 89 00 	sts	0x0089, r25	; 0x800089 <__TEXT_REGION_LENGTH__+0x7f8089>
 840:	80 93 88 00 	sts	0x0088, r24	; 0x800088 <__TEXT_REGION_LENGTH__+0x7f8088>
C:\Users\User\Documents\Arduino\libraries\Servo\src\avr/Servo.cpp:64
    if(SERVO(timer,Channel[timer]).Pin.isActive == true)     // check if activated
 844:	e0 91 14 01 	lds	r30, 0x0114	; 0x800114 <__data_end>
 848:	8e 2f       	mov	r24, r30
 84a:	ee 0f       	add	r30, r30
 84c:	99 0b       	sbc	r25, r25
 84e:	fc 01       	movw	r30, r24
 850:	ee 0f       	add	r30, r30
 852:	ff 1f       	adc	r31, r31
 854:	e8 0f       	add	r30, r24
 856:	f9 1f       	adc	r31, r25
 858:	e8 59       	subi	r30, 0x98	; 152
 85a:	fd 4f       	sbci	r31, 0xFD	; 253
 85c:	80 81       	ld	r24, Z
 85e:	86 ff       	sbrs	r24, 6
 860:	11 c0       	rjmp	.+34     	; 0x884 <__DATA_REGION_LENGTH__+0x84>
C:\Users\User\Documents\Arduino\libraries\Servo\src\avr/Servo.cpp:65
      digitalWrite( SERVO(timer,Channel[timer]).Pin.nbr,HIGH); // it's an active channel so pulse it high
 862:	e0 91 14 01 	lds	r30, 0x0114	; 0x800114 <__data_end>
 866:	8e 2f       	mov	r24, r30
 868:	ee 0f       	add	r30, r30
 86a:	99 0b       	sbc	r25, r25
 86c:	fc 01       	movw	r30, r24
 86e:	ee 0f       	add	r30, r30
 870:	ff 1f       	adc	r31, r31
 872:	e8 0f       	add	r30, r24
 874:	f9 1f       	adc	r31, r25
 876:	e8 59       	subi	r30, 0x98	; 152
 878:	fd 4f       	sbci	r31, 0xFD	; 253
 87a:	80 81       	ld	r24, Z
 87c:	61 e0       	ldi	r22, 0x01	; 1
 87e:	8f 73       	andi	r24, 0x3F	; 63
 880:	0e 94 05 02 	call	0x40a	; 0x40a <digitalWrite>
__vector_13():
C:\Users\User\Documents\Arduino\libraries\Servo\src\avr/Servo.cpp:83
// Interrupt handlers for Arduino
#if defined(_useTimer1)
SIGNAL (TIMER1_COMPA_vect)
{
  handle_interrupts(_timer1, &TCNT1, &OCR1A);
}
 884:	ff 91       	pop	r31
 886:	ef 91       	pop	r30
 888:	df 91       	pop	r29
 88a:	cf 91       	pop	r28
 88c:	bf 91       	pop	r27
 88e:	af 91       	pop	r26
 890:	9f 91       	pop	r25
 892:	8f 91       	pop	r24
 894:	7f 91       	pop	r23
 896:	6f 91       	pop	r22
 898:	5f 91       	pop	r21
 89a:	4f 91       	pop	r20
 89c:	3f 91       	pop	r19
 89e:	2f 91       	pop	r18
 8a0:	0f 90       	pop	r0
 8a2:	0f be       	out	0x3f, r0	; 63
 8a4:	0f 90       	pop	r0
 8a6:	1f 90       	pop	r1
 8a8:	18 95       	reti
handle_interrupts():
C:\Users\User\Documents\Arduino\libraries\Servo\src\avr/Servo.cpp:70
      digitalWrite( SERVO(timer,Channel[timer]).Pin.nbr,HIGH); // it's an active channel so pulse it high
  }
  else {
    // finished all channels so wait for the refresh period to expire before starting over
    if( ((unsigned)*TCNTn) + 4 < usToTicks(REFRESH_INTERVAL) )  // allow a few ticks to ensure the next OCR1A not missed
      *OCRnA = (unsigned int)usToTicks(REFRESH_INTERVAL);
 8aa:	80 e4       	ldi	r24, 0x40	; 64
 8ac:	9c e9       	ldi	r25, 0x9C	; 156
C:\Users\User\Documents\Arduino\libraries\Servo\src\avr/Servo.cpp:72
    else
      *OCRnA = *TCNTn + 4;  // at least REFRESH_INTERVAL has elapsed
 8ae:	90 93 89 00 	sts	0x0089, r25	; 0x800089 <__TEXT_REGION_LENGTH__+0x7f8089>
 8b2:	80 93 88 00 	sts	0x0088, r24	; 0x800088 <__TEXT_REGION_LENGTH__+0x7f8088>
C:\Users\User\Documents\Arduino\libraries\Servo\src\avr/Servo.cpp:73
    Channel[timer] = -1; // this will get incremented at the end of the refresh period to start again at the first channel
 8b6:	8f ef       	ldi	r24, 0xFF	; 255
 8b8:	80 93 14 01 	sts	0x0114, r24	; 0x800114 <__data_end>
 8bc:	e3 cf       	rjmp	.-58     	; 0x884 <__DATA_REGION_LENGTH__+0x84>

000008be <global constructors keyed to 65535_0_Mainboard.ino.cpp.o.2078>:
_GLOBAL__I_65535_0_Mainboard.ino.cpp.o.2078():
 8be:	10 92 2d 01 	sts	0x012D, r1	; 0x80012d <Serial1+0x3>
 8c2:	10 92 2c 01 	sts	0x012C, r1	; 0x80012c <Serial1+0x2>
 8c6:	48 ee       	ldi	r20, 0xE8	; 232
 8c8:	53 e0       	ldi	r21, 0x03	; 3
 8ca:	60 e0       	ldi	r22, 0x00	; 0
 8cc:	70 e0       	ldi	r23, 0x00	; 0
 8ce:	40 93 2e 01 	sts	0x012E, r20	; 0x80012e <Serial1+0x4>
 8d2:	50 93 2f 01 	sts	0x012F, r21	; 0x80012f <Serial1+0x5>
 8d6:	60 93 30 01 	sts	0x0130, r22	; 0x800130 <Serial1+0x6>
 8da:	70 93 31 01 	sts	0x0131, r23	; 0x800131 <Serial1+0x7>
 8de:	86 e0       	ldi	r24, 0x06	; 6
 8e0:	91 e0       	ldi	r25, 0x01	; 1
 8e2:	90 93 2b 01 	sts	0x012B, r25	; 0x80012b <Serial1+0x1>
 8e6:	80 93 2a 01 	sts	0x012A, r24	; 0x80012a <Serial1>
 8ea:	2d ec       	ldi	r18, 0xCD	; 205
 8ec:	30 e0       	ldi	r19, 0x00	; 0
 8ee:	30 93 37 01 	sts	0x0137, r19	; 0x800137 <Serial1+0xd>
 8f2:	20 93 36 01 	sts	0x0136, r18	; 0x800136 <Serial1+0xc>
 8f6:	2c ec       	ldi	r18, 0xCC	; 204
 8f8:	30 e0       	ldi	r19, 0x00	; 0
 8fa:	30 93 39 01 	sts	0x0139, r19	; 0x800139 <Serial1+0xf>
 8fe:	20 93 38 01 	sts	0x0138, r18	; 0x800138 <Serial1+0xe>
 902:	28 ec       	ldi	r18, 0xC8	; 200
 904:	30 e0       	ldi	r19, 0x00	; 0
 906:	30 93 3b 01 	sts	0x013B, r19	; 0x80013b <Serial1+0x11>
 90a:	20 93 3a 01 	sts	0x013A, r18	; 0x80013a <Serial1+0x10>
 90e:	29 ec       	ldi	r18, 0xC9	; 201
 910:	30 e0       	ldi	r19, 0x00	; 0
 912:	30 93 3d 01 	sts	0x013D, r19	; 0x80013d <Serial1+0x13>
 916:	20 93 3c 01 	sts	0x013C, r18	; 0x80013c <Serial1+0x12>
 91a:	2a ec       	ldi	r18, 0xCA	; 202
 91c:	30 e0       	ldi	r19, 0x00	; 0
 91e:	30 93 3f 01 	sts	0x013F, r19	; 0x80013f <Serial1+0x15>
 922:	20 93 3e 01 	sts	0x013E, r18	; 0x80013e <Serial1+0x14>
 926:	2e ec       	ldi	r18, 0xCE	; 206
 928:	30 e0       	ldi	r19, 0x00	; 0
 92a:	30 93 41 01 	sts	0x0141, r19	; 0x800141 <Serial1+0x17>
 92e:	20 93 40 01 	sts	0x0140, r18	; 0x800140 <Serial1+0x16>
 932:	10 92 43 01 	sts	0x0143, r1	; 0x800143 <Serial1+0x19>
 936:	10 92 44 01 	sts	0x0144, r1	; 0x800144 <Serial1+0x1a>
 93a:	10 92 45 01 	sts	0x0145, r1	; 0x800145 <Serial1+0x1b>
 93e:	10 92 46 01 	sts	0x0146, r1	; 0x800146 <Serial1+0x1c>
 942:	10 92 ca 01 	sts	0x01CA, r1	; 0x8001ca <Serial+0x3>
 946:	10 92 c9 01 	sts	0x01C9, r1	; 0x8001c9 <Serial+0x2>
 94a:	40 93 cb 01 	sts	0x01CB, r20	; 0x8001cb <Serial+0x4>
 94e:	50 93 cc 01 	sts	0x01CC, r21	; 0x8001cc <Serial+0x5>
 952:	60 93 cd 01 	sts	0x01CD, r22	; 0x8001cd <Serial+0x6>
 956:	70 93 ce 01 	sts	0x01CE, r23	; 0x8001ce <Serial+0x7>
 95a:	90 93 c8 01 	sts	0x01C8, r25	; 0x8001c8 <Serial+0x1>
 95e:	80 93 c7 01 	sts	0x01C7, r24	; 0x8001c7 <Serial>
 962:	85 ec       	ldi	r24, 0xC5	; 197
 964:	90 e0       	ldi	r25, 0x00	; 0
 966:	90 93 d4 01 	sts	0x01D4, r25	; 0x8001d4 <Serial+0xd>
 96a:	80 93 d3 01 	sts	0x01D3, r24	; 0x8001d3 <Serial+0xc>
 96e:	84 ec       	ldi	r24, 0xC4	; 196
 970:	90 e0       	ldi	r25, 0x00	; 0
 972:	90 93 d6 01 	sts	0x01D6, r25	; 0x8001d6 <Serial+0xf>
 976:	80 93 d5 01 	sts	0x01D5, r24	; 0x8001d5 <Serial+0xe>
 97a:	80 ec       	ldi	r24, 0xC0	; 192
 97c:	90 e0       	ldi	r25, 0x00	; 0
 97e:	90 93 d8 01 	sts	0x01D8, r25	; 0x8001d8 <Serial+0x11>
 982:	80 93 d7 01 	sts	0x01D7, r24	; 0x8001d7 <Serial+0x10>
 986:	81 ec       	ldi	r24, 0xC1	; 193
 988:	90 e0       	ldi	r25, 0x00	; 0
 98a:	90 93 da 01 	sts	0x01DA, r25	; 0x8001da <Serial+0x13>
 98e:	80 93 d9 01 	sts	0x01D9, r24	; 0x8001d9 <Serial+0x12>
 992:	82 ec       	ldi	r24, 0xC2	; 194
 994:	90 e0       	ldi	r25, 0x00	; 0
 996:	90 93 dc 01 	sts	0x01DC, r25	; 0x8001dc <Serial+0x15>
 99a:	80 93 db 01 	sts	0x01DB, r24	; 0x8001db <Serial+0x14>
 99e:	86 ec       	ldi	r24, 0xC6	; 198
 9a0:	90 e0       	ldi	r25, 0x00	; 0
 9a2:	90 93 de 01 	sts	0x01DE, r25	; 0x8001de <Serial+0x17>
 9a6:	80 93 dd 01 	sts	0x01DD, r24	; 0x8001dd <Serial+0x16>
 9aa:	10 92 e0 01 	sts	0x01E0, r1	; 0x8001e0 <Serial+0x19>
 9ae:	10 92 e1 01 	sts	0x01E1, r1	; 0x8001e1 <Serial+0x1a>
 9b2:	10 92 e2 01 	sts	0x01E2, r1	; 0x8001e2 <Serial+0x1b>
 9b6:	10 92 e3 01 	sts	0x01E3, r1	; 0x8001e3 <Serial+0x1c>
 9ba:	80 91 8c 02 	lds	r24, 0x028C	; 0x80028c <ServoCount>
 9be:	8c 30       	cpi	r24, 0x0C	; 12
 9c0:	f0 f4       	brcc	.+60     	; 0x9fe <__stack+0xff>
 9c2:	91 e0       	ldi	r25, 0x01	; 1
 9c4:	98 0f       	add	r25, r24
 9c6:	90 93 8c 02 	sts	0x028C, r25	; 0x80028c <ServoCount>
 9ca:	80 93 8d 02 	sts	0x028D, r24	; 0x80028d <linearMotor>
 9ce:	90 e0       	ldi	r25, 0x00	; 0
 9d0:	fc 01       	movw	r30, r24
 9d2:	ee 0f       	add	r30, r30
 9d4:	ff 1f       	adc	r31, r31
 9d6:	e8 0f       	add	r30, r24
 9d8:	f9 1f       	adc	r31, r25
 9da:	e8 59       	subi	r30, 0x98	; 152
 9dc:	fd 4f       	sbci	r31, 0xFD	; 253
 9de:	88 eb       	ldi	r24, 0xB8	; 184
 9e0:	9b e0       	ldi	r25, 0x0B	; 11
 9e2:	92 83       	std	Z+2, r25	; 0x02
 9e4:	81 83       	std	Z+1, r24	; 0x01
 9e6:	8f b7       	in	r24, 0x3f	; 63
 9e8:	f8 94       	cli
 9ea:	40 91 64 02 	lds	r20, 0x0264	; 0x800264 <timer0_millis>
 9ee:	50 91 65 02 	lds	r21, 0x0265	; 0x800265 <timer0_millis+0x1>
 9f2:	60 91 66 02 	lds	r22, 0x0266	; 0x800266 <timer0_millis+0x2>
 9f6:	70 91 67 02 	lds	r23, 0x0267	; 0x800267 <timer0_millis+0x3>
 9fa:	8f bf       	out	0x3f, r24	; 63
 9fc:	08 95       	ret
 9fe:	8f ef       	ldi	r24, 0xFF	; 255
 a00:	80 93 8d 02 	sts	0x028D, r24	; 0x80028d <linearMotor>
 a04:	f0 cf       	rjmp	.-32     	; 0x9e6 <__stack+0xe7>

00000a06 <main>:
main():
C:\Users\User\AppData\Local\Arduino15\packages\MightyCore\hardware\avr\3.0.2\cores\MCUdude_corefiles/wiring.c:945

void init()
{
  // this needs to be called before setup() or some functions won't
  // work there
  sei();
 a06:	78 94       	sei
C:\Users\User\AppData\Local\Arduino15\packages\MightyCore\hardware\avr\3.0.2\cores\MCUdude_corefiles/wiring.c:957

  // On the ATmega168, timer 0 is also used for fast hardware pwm
  // (using phase-correct PWM would mean that timer 0 overflowed half as often
  // resulting in different millis() behavior on the ATmega8 and ATmega168)
#if defined(TCCR0A) && defined(WGM01)
  TCCR0A |= _BV(WGM01) | _BV(WGM00);
 a08:	84 b5       	in	r24, 0x24	; 36
 a0a:	83 60       	ori	r24, 0x03	; 3
 a0c:	84 bd       	out	0x24, r24	; 36
C:\Users\User\AppData\Local\Arduino15\packages\MightyCore\hardware\avr\3.0.2\cores\MCUdude_corefiles/wiring.c:972
  #if defined(WGM00) && defined(WGM01) // The ATmega8 doesn't have WGM00 and WGM01
    TCCR0 |= _BV(WGM01) | _BV(WGM00);
  #endif
#elif defined(TCCR0B) && defined(CS01) && defined(CS00)
  // This combination is for the standard 168/328/640/1280/1281/2560/2561
  TCCR0B |= _BV(CS01) | _BV(CS00);
 a0e:	85 b5       	in	r24, 0x25	; 37
 a10:	83 60       	ori	r24, 0x03	; 3
 a12:	85 bd       	out	0x25, r24	; 37
C:\Users\User\AppData\Local\Arduino15\packages\MightyCore\hardware\avr\3.0.2\cores\MCUdude_corefiles/wiring.c:984

// Enable timer 0 overflow interrupt
#if defined(TIMSK) && defined(TOIE0)
  TIMSK |= _BV(TOIE0);
#elif defined(TIMSK0) && defined(TOIE0)
  TIMSK0 |= _BV(TOIE0);
 a14:	80 91 6e 00 	lds	r24, 0x006E	; 0x80006e <__TEXT_REGION_LENGTH__+0x7f806e>
 a18:	81 60       	ori	r24, 0x01	; 1
 a1a:	80 93 6e 00 	sts	0x006E, r24	; 0x80006e <__TEXT_REGION_LENGTH__+0x7f806e>
C:\Users\User\AppData\Local\Arduino15\packages\MightyCore\hardware\avr\3.0.2\cores\MCUdude_corefiles/wiring.c:995
// this is better for motors as it ensures an even waveform
// note, however, that fast pwm mode can achieve a frequency of up
// 8 MHz (with a 16 MHz clock) at 50% duty cycle

#if defined(TCCR1B) && defined(CS11) && defined(CS10)
  TCCR1B = _BV(CS11); // Set timer 1 prescale factor to 64
 a1e:	82 e0       	ldi	r24, 0x02	; 2
 a20:	80 93 81 00 	sts	0x0081, r24	; 0x800081 <__TEXT_REGION_LENGTH__+0x7f8081>
C:\Users\User\AppData\Local\Arduino15\packages\MightyCore\hardware\avr\3.0.2\cores\MCUdude_corefiles/wiring.c:997
#if F_CPU >= 8000000L
  TCCR1B |= _BV(CS10);
 a24:	80 91 81 00 	lds	r24, 0x0081	; 0x800081 <__TEXT_REGION_LENGTH__+0x7f8081>
 a28:	81 60       	ori	r24, 0x01	; 1
 a2a:	80 93 81 00 	sts	0x0081, r24	; 0x800081 <__TEXT_REGION_LENGTH__+0x7f8081>
C:\Users\User\AppData\Local\Arduino15\packages\MightyCore\hardware\avr\3.0.2\cores\MCUdude_corefiles/wiring.c:1006
#if F_CPU >= 8000000L
  TCCR1 |= _BV(CS10);
#endif
#endif
#if defined(TCCR1A) && defined(WGM10)
  TCCR1A |= _BV(WGM10); // Put timer 1 in 8-bit phase correct pwm mode
 a2e:	80 91 80 00 	lds	r24, 0x0080	; 0x800080 <__TEXT_REGION_LENGTH__+0x7f8080>
 a32:	81 60       	ori	r24, 0x01	; 1
 a34:	80 93 80 00 	sts	0x0080, r24	; 0x800080 <__TEXT_REGION_LENGTH__+0x7f8080>
C:\Users\User\AppData\Local\Arduino15\packages\MightyCore\hardware\avr\3.0.2\cores\MCUdude_corefiles/wiring.c:1013

// Set timer 2 prescale factor to 64
#if defined(TCCR2) && defined(CS22)
  TCCR2 |= _BV(CS22);
#elif defined(TCCR2B) && defined(CS22)
  TCCR2B |= _BV(CS22);
 a38:	80 91 b1 00 	lds	r24, 0x00B1	; 0x8000b1 <__TEXT_REGION_LENGTH__+0x7f80b1>
 a3c:	84 60       	ori	r24, 0x04	; 4
 a3e:	80 93 b1 00 	sts	0x00B1, r24	; 0x8000b1 <__TEXT_REGION_LENGTH__+0x7f80b1>
C:\Users\User\AppData\Local\Arduino15\packages\MightyCore\hardware\avr\3.0.2\cores\MCUdude_corefiles/wiring.c:1022

// Configure timer 2 for phase correct pwm (8-bit)
#if defined(TCCR2) && defined(WGM20)
  TCCR2 |= _BV(WGM20);
#elif defined(TCCR2A) && defined(WGM20)
  TCCR2A |= _BV(WGM20);
 a42:	80 91 b0 00 	lds	r24, 0x00B0	; 0x8000b0 <__TEXT_REGION_LENGTH__+0x7f80b0>
 a46:	81 60       	ori	r24, 0x01	; 1
 a48:	80 93 b0 00 	sts	0x00B0, r24	; 0x8000b0 <__TEXT_REGION_LENGTH__+0x7f80b0>
C:\Users\User\AppData\Local\Arduino15\packages\MightyCore\hardware\avr\3.0.2\cores\MCUdude_corefiles/wiring.c:1028
//#else
  // Timer 2 not finished (may not be present on this CPU)
#endif

#if defined(TCCR3B) && defined(CS31) && defined(WGM30)
  TCCR3B |= _BV(CS31) | _BV(CS30); // Set timer 3 prescale factor to 64
 a4c:	80 91 91 00 	lds	r24, 0x0091	; 0x800091 <__TEXT_REGION_LENGTH__+0x7f8091>
 a50:	83 60       	ori	r24, 0x03	; 3
 a52:	80 93 91 00 	sts	0x0091, r24	; 0x800091 <__TEXT_REGION_LENGTH__+0x7f8091>
C:\Users\User\AppData\Local\Arduino15\packages\MightyCore\hardware\avr\3.0.2\cores\MCUdude_corefiles/wiring.c:1029
  TCCR3A |= _BV(WGM30);            // Put timer 3 in 8-bit phase correct pwm mode
 a56:	80 91 90 00 	lds	r24, 0x0090	; 0x800090 <__TEXT_REGION_LENGTH__+0x7f8090>
 a5a:	81 60       	ori	r24, 0x01	; 1
 a5c:	80 93 90 00 	sts	0x0090, r24	; 0x800090 <__TEXT_REGION_LENGTH__+0x7f8090>
C:\Users\User\AppData\Local\Arduino15\packages\MightyCore\hardware\avr\3.0.2\cores\MCUdude_corefiles/wiring.c:1038
  TCCR4B |= _BV(CS42) | _BV(CS41) | _BV(CS40); // Set timer 4 prescale factor to 64
  TCCR4D |= _BV(WGM40);                        // Put timer 4 in phase- and frequency-correct PWM mode
  TCCR4A |= _BV(PWM4A);                        // Enable PWM mode for comparator OCR4A
  TCCR4C |= _BV(PWM4D);                        // Enable PWM mode for comparator OCR4D
#elif defined(TCCR4B) && defined(CS41) && defined(WGM40)
  TCCR4B |= _BV(CS41) | _BV(CS40); // Set timer 4 prescale factor to 64
 a60:	80 91 a1 00 	lds	r24, 0x00A1	; 0x8000a1 <__TEXT_REGION_LENGTH__+0x7f80a1>
 a64:	83 60       	ori	r24, 0x03	; 3
 a66:	80 93 a1 00 	sts	0x00A1, r24	; 0x8000a1 <__TEXT_REGION_LENGTH__+0x7f80a1>
C:\Users\User\AppData\Local\Arduino15\packages\MightyCore\hardware\avr\3.0.2\cores\MCUdude_corefiles/wiring.c:1039
  TCCR4A |= _BV(WGM40);            // Put timer 4 in 8-bit phase correct pwm mode
 a6a:	80 91 a0 00 	lds	r24, 0x00A0	; 0x8000a0 <__TEXT_REGION_LENGTH__+0x7f80a0>
 a6e:	81 60       	ori	r24, 0x01	; 1
 a70:	80 93 a0 00 	sts	0x00A0, r24	; 0x8000a0 <__TEXT_REGION_LENGTH__+0x7f80a0>
C:\Users\User\AppData\Local\Arduino15\packages\MightyCore\hardware\avr\3.0.2\cores\MCUdude_corefiles/wiring.c:1050
#endif

#if defined(ADCSRA)
  // set a2d prescaler so we are inside the desired 50-200 KHz range.
  #if F_CPU >= 16000000 // 16 MHz / 128 = 125 KHz
    ADCSRA = _BV(ADPS2) | _BV(ADPS1) | _BV(ADPS0) | _BV(ADEN);
 a74:	87 e8       	ldi	r24, 0x87	; 135
 a76:	80 93 7a 00 	sts	0x007A, r24	; 0x80007a <__TEXT_REGION_LENGTH__+0x7f807a>
C:\Users\User\AppData\Local\Arduino15\packages\MightyCore\hardware\avr\3.0.2\cores\MCUdude_corefiles/wiring.c:1070
  // here so they can be used as normal digital i/o; they will be
  // reconnected in Serial.begin()
#if defined(UCSRB)
  UCSRB = 0;
#elif defined(UCSR0B)
  UCSR0B = 0;
 a7a:	10 92 c1 00 	sts	0x00C1, r1	; 0x8000c1 <__TEXT_REGION_LENGTH__+0x7f80c1>
setup():
C:\Users\User\OneDrive\Desktop\Rexus Germania\Cod\solderx_software\Mainboard/Mainboard.ino:41
int sampleDone = 1;
int sampleState = 0;
int valoare_led = 1;
void setup() {
  //Sample disk
  pinMode(STEP_DISK, OUTPUT);
 a7e:	61 e0       	ldi	r22, 0x01	; 1
 a80:	84 e1       	ldi	r24, 0x14	; 20
 a82:	0e 94 70 02 	call	0x4e0	; 0x4e0 <pinMode>
C:\Users\User\OneDrive\Desktop\Rexus Germania\Cod\solderx_software\Mainboard/Mainboard.ino:42
  pinMode(DIR_DISK, OUTPUT);
 a86:	61 e0       	ldi	r22, 0x01	; 1
 a88:	83 e1       	ldi	r24, 0x13	; 19
 a8a:	0e 94 70 02 	call	0x4e0	; 0x4e0 <pinMode>
C:\Users\User\OneDrive\Desktop\Rexus Germania\Cod\solderx_software\Mainboard/Mainboard.ino:43
  pinMode(EN_DISK, OUTPUT);
 a8e:	61 e0       	ldi	r22, 0x01	; 1
 a90:	82 e1       	ldi	r24, 0x12	; 18
 a92:	0e 94 70 02 	call	0x4e0	; 0x4e0 <pinMode>
C:\Users\User\OneDrive\Desktop\Rexus Germania\Cod\solderx_software\Mainboard/Mainboard.ino:44
  pinMode(NSLEEP_DISK, OUTPUT);
 a96:	61 e0       	ldi	r22, 0x01	; 1
 a98:	81 e1       	ldi	r24, 0x11	; 17
 a9a:	0e 94 70 02 	call	0x4e0	; 0x4e0 <pinMode>
C:\Users\User\OneDrive\Desktop\Rexus Germania\Cod\solderx_software\Mainboard/Mainboard.ino:47

  //Feeding mechanism
  pinMode(STEP_FM, OUTPUT);
 a9e:	61 e0       	ldi	r22, 0x01	; 1
 aa0:	8c e1       	ldi	r24, 0x1C	; 28
 aa2:	0e 94 70 02 	call	0x4e0	; 0x4e0 <pinMode>
C:\Users\User\OneDrive\Desktop\Rexus Germania\Cod\solderx_software\Mainboard/Mainboard.ino:48
  pinMode(DIR_FM, OUTPUT);
 aa6:	61 e0       	ldi	r22, 0x01	; 1
 aa8:	87 e1       	ldi	r24, 0x17	; 23
 aaa:	0e 94 70 02 	call	0x4e0	; 0x4e0 <pinMode>
C:\Users\User\OneDrive\Desktop\Rexus Germania\Cod\solderx_software\Mainboard/Mainboard.ino:49
  pinMode(EN_FM, OUTPUT);
 aae:	61 e0       	ldi	r22, 0x01	; 1
 ab0:	86 e1       	ldi	r24, 0x16	; 22
 ab2:	0e 94 70 02 	call	0x4e0	; 0x4e0 <pinMode>
C:\Users\User\OneDrive\Desktop\Rexus Germania\Cod\solderx_software\Mainboard/Mainboard.ino:50
  pinMode(NSLEEP_FM, OUTPUT);
 ab6:	61 e0       	ldi	r22, 0x01	; 1
 ab8:	85 e1       	ldi	r24, 0x15	; 21
 aba:	0e 94 70 02 	call	0x4e0	; 0x4e0 <pinMode>
attach():
C:\Users\User\Documents\Arduino\libraries\Servo\src\avr/Servo.cpp:240
  return this->attach(pin, MIN_PULSE_WIDTH, MAX_PULSE_WIDTH);
}

uint8_t Servo::attach(int pin, int min, int max)
{
  if(this->servoIndex < MAX_SERVOS ) {
 abe:	80 91 8d 02 	lds	r24, 0x028D	; 0x80028d <linearMotor>
 ac2:	8c 30       	cpi	r24, 0x0C	; 12
 ac4:	08 f0       	brcs	.+2      	; 0xac8 <main+0xc2>
 ac6:	51 c0       	rjmp	.+162    	; 0xb6a <main+0x164>
C:\Users\User\Documents\Arduino\libraries\Servo\src\avr/Servo.cpp:241
    pinMode( pin, OUTPUT) ;                                   // set servo pin to output
 ac8:	61 e0       	ldi	r22, 0x01	; 1
 aca:	8c e0       	ldi	r24, 0x0C	; 12
 acc:	0e 94 70 02 	call	0x4e0	; 0x4e0 <pinMode>
C:\Users\User\Documents\Arduino\libraries\Servo\src\avr/Servo.cpp:242
    servos[this->servoIndex].Pin.nbr = pin;
 ad0:	80 91 8d 02 	lds	r24, 0x028D	; 0x80028d <linearMotor>
 ad4:	28 2f       	mov	r18, r24
 ad6:	30 e0       	ldi	r19, 0x00	; 0
 ad8:	f9 01       	movw	r30, r18
 ada:	ee 0f       	add	r30, r30
 adc:	ff 1f       	adc	r31, r31
 ade:	e2 0f       	add	r30, r18
 ae0:	f3 1f       	adc	r31, r19
 ae2:	e8 59       	subi	r30, 0x98	; 152
 ae4:	fd 4f       	sbci	r31, 0xFD	; 253
 ae6:	90 81       	ld	r25, Z
 ae8:	90 7c       	andi	r25, 0xC0	; 192
 aea:	9c 60       	ori	r25, 0x0C	; 12
 aec:	90 83       	st	Z, r25
C:\Users\User\Documents\Arduino\libraries\Servo\src\avr/Servo.cpp:244
    // todo min/max check: abs(min - MIN_PULSE_WIDTH) /4 < 128
    this->min  = (MIN_PULSE_WIDTH - min)/4; //resolution of min/max is 4 us
 aee:	10 92 8e 02 	sts	0x028E, r1	; 0x80028e <linearMotor+0x1>
C:\Users\User\Documents\Arduino\libraries\Servo\src\avr/Servo.cpp:245
    this->max  = (MAX_PULSE_WIDTH - max)/4;
 af2:	10 92 8f 02 	sts	0x028F, r1	; 0x80028f <linearMotor+0x2>
C:\Users\User\Documents\Arduino\libraries\Servo\src\avr/Servo.cpp:247
    // initialize the timer if it has not already been initialized
    timer16_Sequence_t timer = SERVO_INDEX_TO_TIMER(servoIndex);
 af6:	2c e0       	ldi	r18, 0x0C	; 12
 af8:	62 2f       	mov	r22, r18
 afa:	0e 94 97 07 	call	0xf2e	; 0xf2e <__udivmodqi4>
isTimerActive():
C:\Users\User\Documents\Arduino\libraries\Servo\src\avr/Servo.cpp:214

static boolean isTimerActive(timer16_Sequence_t timer)
{
  // returns true if any servo is active on this timer
  for(uint8_t channel=0; channel < SERVOS_PER_TIMER; channel++) {
    if(SERVO(timer,channel).Pin.isActive == true)
 afe:	82 9f       	mul	r24, r18
 b00:	b0 01       	movw	r22, r0
 b02:	11 24       	eor	r1, r1
 b04:	30 e0       	ldi	r19, 0x00	; 0
 b06:	20 e0       	ldi	r18, 0x00	; 0
 b08:	ab 01       	movw	r20, r22
 b0a:	42 0f       	add	r20, r18
 b0c:	53 1f       	adc	r21, r19
 b0e:	fa 01       	movw	r30, r20
 b10:	ee 0f       	add	r30, r30
 b12:	ff 1f       	adc	r31, r31
 b14:	e4 0f       	add	r30, r20
 b16:	f5 1f       	adc	r31, r21
 b18:	e8 59       	subi	r30, 0x98	; 152
 b1a:	fd 4f       	sbci	r31, 0xFD	; 253
 b1c:	90 81       	ld	r25, Z
 b1e:	96 fd       	sbrc	r25, 6
 b20:	16 c0       	rjmp	.+44     	; 0xb4e <main+0x148>
 b22:	2f 5f       	subi	r18, 0xFF	; 255
 b24:	3f 4f       	sbci	r19, 0xFF	; 255
C:\Users\User\Documents\Arduino\libraries\Servo\src\avr/Servo.cpp:213
}

static boolean isTimerActive(timer16_Sequence_t timer)
{
  // returns true if any servo is active on this timer
  for(uint8_t channel=0; channel < SERVOS_PER_TIMER; channel++) {
 b26:	2c 30       	cpi	r18, 0x0C	; 12
 b28:	31 05       	cpc	r19, r1
 b2a:	71 f7       	brne	.-36     	; 0xb08 <main+0x102>
initISR():
C:\Users\User\Documents\Arduino\libraries\Servo\src\avr/Servo.cpp:127


static void initISR(timer16_Sequence_t timer)
{
#if defined (_useTimer1)
  if(timer == _timer1) {
 b2c:	81 11       	cpse	r24, r1
 b2e:	0f c0       	rjmp	.+30     	; 0xb4e <main+0x148>
C:\Users\User\Documents\Arduino\libraries\Servo\src\avr/Servo.cpp:128
    TCCR1A = 0;             // normal counting mode
 b30:	10 92 80 00 	sts	0x0080, r1	; 0x800080 <__TEXT_REGION_LENGTH__+0x7f8080>
C:\Users\User\Documents\Arduino\libraries\Servo\src\avr/Servo.cpp:129
    TCCR1B = _BV(CS11);     // set prescaler of 8
 b34:	82 e0       	ldi	r24, 0x02	; 2
 b36:	80 93 81 00 	sts	0x0081, r24	; 0x800081 <__TEXT_REGION_LENGTH__+0x7f8081>
C:\Users\User\Documents\Arduino\libraries\Servo\src\avr/Servo.cpp:130
    TCNT1 = 0;              // clear the timer count
 b3a:	10 92 85 00 	sts	0x0085, r1	; 0x800085 <__TEXT_REGION_LENGTH__+0x7f8085>
 b3e:	10 92 84 00 	sts	0x0084, r1	; 0x800084 <__TEXT_REGION_LENGTH__+0x7f8084>
C:\Users\User\Documents\Arduino\libraries\Servo\src\avr/Servo.cpp:136
#if defined(__AVR_ATmega8__)|| defined(__AVR_ATmega128__)
    TIFR |= _BV(OCF1A);      // clear any pending interrupts
    TIMSK |=  _BV(OCIE1A) ;  // enable the output compare interrupt
#else
    // here if not ATmega8 or ATmega128
    TIFR1 |= _BV(OCF1A);     // clear any pending interrupts
 b42:	b1 9a       	sbi	0x16, 1	; 22
C:\Users\User\Documents\Arduino\libraries\Servo\src\avr/Servo.cpp:137
    TIMSK1 |=  _BV(OCIE1A) ; // enable the output compare interrupt
 b44:	80 91 6f 00 	lds	r24, 0x006F	; 0x80006f <__TEXT_REGION_LENGTH__+0x7f806f>
 b48:	82 60       	ori	r24, 0x02	; 2
 b4a:	80 93 6f 00 	sts	0x006F, r24	; 0x80006f <__TEXT_REGION_LENGTH__+0x7f806f>
attach():
C:\Users\User\Documents\Arduino\libraries\Servo\src\avr/Servo.cpp:250
    this->max  = (MAX_PULSE_WIDTH - max)/4;
    // initialize the timer if it has not already been initialized
    timer16_Sequence_t timer = SERVO_INDEX_TO_TIMER(servoIndex);
    if(isTimerActive(timer) == false)
      initISR(timer);
    servos[this->servoIndex].Pin.isActive = true;  // this must be set after the check for isTimerActive
 b4e:	e0 91 8d 02 	lds	r30, 0x028D	; 0x80028d <linearMotor>
 b52:	8e 2f       	mov	r24, r30
 b54:	90 e0       	ldi	r25, 0x00	; 0
 b56:	fc 01       	movw	r30, r24
 b58:	ee 0f       	add	r30, r30
 b5a:	ff 1f       	adc	r31, r31
 b5c:	e8 0f       	add	r30, r24
 b5e:	f9 1f       	adc	r31, r25
 b60:	e8 59       	subi	r30, 0x98	; 152
 b62:	fd 4f       	sbci	r31, 0xFD	; 253
 b64:	80 81       	ld	r24, Z
 b66:	80 64       	ori	r24, 0x40	; 64
 b68:	80 83       	st	Z, r24
C:\Users\User\Documents\Arduino\libraries\Servo\src\avr/Servo.cpp:252
  }
  return this->servoIndex ;
 b6a:	10 91 8d 02 	lds	r17, 0x028D	; 0x80028d <linearMotor>
write():
C:\Users\User\Documents\Arduino\libraries\Servo\src\avr/Servo.cpp:270
{
  if(value < MIN_PULSE_WIDTH)
  {  // treat values less than 544 as angles in degrees (valid values in microseconds are handled as microseconds)
    if(value < 0) value = 0;
    if(value > 180) value = 180;
    value = map(value, 0, 180, SERVO_MIN(),  SERVO_MAX());
 b6e:	80 91 8f 02 	lds	r24, 0x028F	; 0x80028f <linearMotor+0x2>
 b72:	48 e5       	ldi	r20, 0x58	; 88
 b74:	e4 2e       	mov	r14, r20
 b76:	42 e0       	ldi	r20, 0x02	; 2
 b78:	f4 2e       	mov	r15, r20
 b7a:	e8 1a       	sub	r14, r24
 b7c:	f1 08       	sbc	r15, r1
 b7e:	87 fd       	sbrc	r24, 7
 b80:	f3 94       	inc	r15
 b82:	ee 0c       	add	r14, r14
 b84:	ff 1c       	adc	r15, r15
 b86:	ee 0c       	add	r14, r14
 b88:	ff 1c       	adc	r15, r15
 b8a:	80 91 8e 02 	lds	r24, 0x028E	; 0x80028e <linearMotor+0x1>
 b8e:	c8 e8       	ldi	r28, 0x88	; 136
 b90:	d0 e0       	ldi	r29, 0x00	; 0
 b92:	c8 1b       	sub	r28, r24
 b94:	d1 09       	sbc	r29, r1
 b96:	87 fd       	sbrc	r24, 7
 b98:	d3 95       	inc	r29
 b9a:	cc 0f       	add	r28, r28
 b9c:	dd 1f       	adc	r29, r29
 b9e:	cc 0f       	add	r28, r28
 ba0:	dd 1f       	adc	r29, r29
 ba2:	4e 01       	movw	r8, r28
 ba4:	0d 2e       	mov	r0, r29
 ba6:	00 0c       	add	r0, r0
 ba8:	aa 08       	sbc	r10, r10
 baa:	bb 08       	sbc	r11, r11
 bac:	97 01       	movw	r18, r14
 bae:	0f 2c       	mov	r0, r15
 bb0:	00 0c       	add	r0, r0
 bb2:	44 0b       	sbc	r20, r20
 bb4:	55 0b       	sbc	r21, r21
map():
C:\Users\User\AppData\Local\Arduino15\packages\MightyCore\hardware\avr\3.0.2\cores\MCUdude_corefiles/WMath.cpp:54
  return random(diff) + howsmall;
}

long map(long x, long in_min, long in_max, long out_min, long out_max)
{
  return (x - in_min) * (out_max - out_min) / (in_max - in_min) + out_min;
 bb6:	28 19       	sub	r18, r8
 bb8:	39 09       	sbc	r19, r9
 bba:	4a 09       	sbc	r20, r10
 bbc:	5b 09       	sbc	r21, r11
 bbe:	a8 e4       	ldi	r26, 0x48	; 72
 bc0:	b0 e0       	ldi	r27, 0x00	; 0
 bc2:	0e 94 5b 07 	call	0xeb6	; 0xeb6 <__muluhisi3>
 bc6:	24 eb       	ldi	r18, 0xB4	; 180
 bc8:	30 e0       	ldi	r19, 0x00	; 0
 bca:	40 e0       	ldi	r20, 0x00	; 0
 bcc:	50 e0       	ldi	r21, 0x00	; 0
 bce:	0e 94 3c 07 	call	0xe78	; 0xe78 <__divmodsi4>
 bd2:	82 0e       	add	r8, r18
 bd4:	93 1e       	adc	r9, r19
 bd6:	a4 1e       	adc	r10, r20
 bd8:	b5 1e       	adc	r11, r21
writeMicroseconds():
C:\Users\User\Documents\Arduino\libraries\Servo\src\avr/Servo.cpp:279

void Servo::writeMicroseconds(int value)
{
  // calculate and store the values for the given channel
  byte channel = this->servoIndex;
  if( (channel < MAX_SERVOS) )   // ensure channel is valid
 bda:	1c 30       	cpi	r17, 0x0C	; 12
 bdc:	c8 f4       	brcc	.+50     	; 0xc10 <main+0x20a>
C:\Users\User\Documents\Arduino\libraries\Servo\src\avr/Servo.cpp:281
  {
    if( value < SERVO_MIN() )          // ensure pulse width is valid
 bde:	8c 16       	cp	r8, r28
 be0:	9d 06       	cpc	r9, r29
 be2:	2c f0       	brlt	.+10     	; 0xbee <main+0x1e8>
 be4:	e7 01       	movw	r28, r14
 be6:	8e 14       	cp	r8, r14
 be8:	9f 04       	cpc	r9, r15
 bea:	0c f4       	brge	.+2      	; 0xbee <main+0x1e8>
 bec:	e4 01       	movw	r28, r8
C:\Users\User\Documents\Arduino\libraries\Servo\src\avr/Servo.cpp:286
      value = SERVO_MIN();
    else if( value > SERVO_MAX() )
      value = SERVO_MAX();

    value = value - TRIM_DURATION;
 bee:	22 97       	sbiw	r28, 0x02	; 2
C:\Users\User\Documents\Arduino\libraries\Servo\src\avr/Servo.cpp:287
    value = usToTicks(value);  // convert to ticks after compensating for interrupt overhead - 12 Aug 2009
 bf0:	cc 0f       	add	r28, r28
 bf2:	dd 1f       	adc	r29, r29
C:\Users\User\Documents\Arduino\libraries\Servo\src\avr/Servo.cpp:289

    uint8_t oldSREG = SREG;
 bf4:	2f b7       	in	r18, 0x3f	; 63
C:\Users\User\Documents\Arduino\libraries\Servo\src\avr/Servo.cpp:290
    cli();
 bf6:	f8 94       	cli
C:\Users\User\Documents\Arduino\libraries\Servo\src\avr/Servo.cpp:291
    servos[channel].ticks = value;
 bf8:	81 2f       	mov	r24, r17
 bfa:	90 e0       	ldi	r25, 0x00	; 0
 bfc:	fc 01       	movw	r30, r24
 bfe:	ee 0f       	add	r30, r30
 c00:	ff 1f       	adc	r31, r31
 c02:	e8 0f       	add	r30, r24
 c04:	f9 1f       	adc	r31, r25
 c06:	e8 59       	subi	r30, 0x98	; 152
 c08:	fd 4f       	sbci	r31, 0xFD	; 253
 c0a:	d2 83       	std	Z+2, r29	; 0x02
 c0c:	c1 83       	std	Z+1, r28	; 0x01
C:\Users\User\Documents\Arduino\libraries\Servo\src\avr/Servo.cpp:292
    SREG = oldSREG;
 c0e:	2f bf       	out	0x3f, r18	; 63
setup():
C:\Users\User\OneDrive\Desktop\Rexus Germania\Cod\solderx_software\Mainboard/Mainboard.ino:58
  //Linear
  linearMotor.attach(linearMotor_Pin);
  // NOTE Maria
  linearMotor.write(linearMotor_retracted); //departe de disk

  digitalWrite(NSLEEP_FM,HIGH);
 c10:	61 e0       	ldi	r22, 0x01	; 1
 c12:	85 e1       	ldi	r24, 0x15	; 21
 c14:	0e 94 05 02 	call	0x40a	; 0x40a <digitalWrite>
C:\Users\User\OneDrive\Desktop\Rexus Germania\Cod\solderx_software\Mainboard/Mainboard.ino:59
  digitalWrite(EN_FM,HIGH);
 c18:	61 e0       	ldi	r22, 0x01	; 1
 c1a:	86 e1       	ldi	r24, 0x16	; 22
 c1c:	0e 94 05 02 	call	0x40a	; 0x40a <digitalWrite>
C:\Users\User\OneDrive\Desktop\Rexus Germania\Cod\solderx_software\Mainboard/Mainboard.ino:60
  digitalWrite(DIR_FM,HIGH);
 c20:	61 e0       	ldi	r22, 0x01	; 1
 c22:	87 e1       	ldi	r24, 0x17	; 23
 c24:	0e 94 05 02 	call	0x40a	; 0x40a <digitalWrite>
C:\Users\User\OneDrive\Desktop\Rexus Germania\Cod\solderx_software\Mainboard/Mainboard.ino:62

  digitalWrite(NSLEEP_DISK,HIGH);
 c28:	61 e0       	ldi	r22, 0x01	; 1
 c2a:	81 e1       	ldi	r24, 0x11	; 17
 c2c:	0e 94 05 02 	call	0x40a	; 0x40a <digitalWrite>
C:\Users\User\OneDrive\Desktop\Rexus Germania\Cod\solderx_software\Mainboard/Mainboard.ino:63
  digitalWrite(EN_DISK,HIGH);
 c30:	61 e0       	ldi	r22, 0x01	; 1
 c32:	82 e1       	ldi	r24, 0x12	; 18
 c34:	0e 94 05 02 	call	0x40a	; 0x40a <digitalWrite>
C:\Users\User\OneDrive\Desktop\Rexus Germania\Cod\solderx_software\Mainboard/Mainboard.ino:64
  digitalWrite(DIR_DISK,HIGH);
 c38:	61 e0       	ldi	r22, 0x01	; 1
 c3a:	83 e1       	ldi	r24, 0x13	; 19
 c3c:	0e 94 05 02 	call	0x40a	; 0x40a <digitalWrite>
C:\Users\User\OneDrive\Desktop\Rexus Germania\Cod\solderx_software\Mainboard/Mainboard.ino:66

  pinMode(CAM_LED, OUTPUT);
 c40:	61 e0       	ldi	r22, 0x01	; 1
 c42:	86 e2       	ldi	r24, 0x26	; 38
 c44:	0e 94 70 02 	call	0x4e0	; 0x4e0 <pinMode>
C:\Users\User\OneDrive\Desktop\Rexus Germania\Cod\solderx_software\Mainboard/Mainboard.ino:67
  digitalWrite(CAM_LED, LOW);
 c48:	60 e0       	ldi	r22, 0x00	; 0
 c4a:	86 e2       	ldi	r24, 0x26	; 38
 c4c:	0e 94 05 02 	call	0x40a	; 0x40a <digitalWrite>
C:\Users\User\OneDrive\Desktop\Rexus Germania\Cod\solderx_software\Mainboard/Mainboard.ino:69

  pinMode(PWM_Solder, OUTPUT);
 c50:	61 e0       	ldi	r22, 0x01	; 1
 c52:	8e e0       	ldi	r24, 0x0E	; 14
 c54:	0e 94 70 02 	call	0x4e0	; 0x4e0 <pinMode>
analogWrite():
C:\Users\User\AppData\Local\Arduino15\packages\MightyCore\hardware\avr\3.0.2\cores\MCUdude_corefiles/wiring_analog.c:101
  // We need to make sure the PWM output is enabled for those pins
  // that support it, as we turn it off when digitally reading or
  // writing with them.  Also, make sure the pin is in output mode
  // for consistenty with Wiring, which doesn't require a pinMode
  // call for the analog output pins.
  pinMode(pin, OUTPUT);
 c58:	61 e0       	ldi	r22, 0x01	; 1
 c5a:	8e e0       	ldi	r24, 0x0E	; 14
 c5c:	0e 94 70 02 	call	0x4e0	; 0x4e0 <pinMode>
C:\Users\User\AppData\Local\Arduino15\packages\MightyCore\hardware\avr\3.0.2\cores\MCUdude_corefiles/wiring_analog.c:104
  if (val == 0)
  {
    digitalWrite(pin, LOW);
 c60:	60 e0       	ldi	r22, 0x00	; 0
 c62:	8e e0       	ldi	r24, 0x0E	; 14
 c64:	0e 94 05 02 	call	0x40a	; 0x40a <digitalWrite>
begin():
C:\Users\User\AppData\Local\Arduino15\packages\MightyCore\hardware\avr\3.0.2\cores\MCUdude_corefiles/HardwareSerial.cpp:121

void HardwareSerial::begin(unsigned long baud, byte config)
{
  // Try u2x mode first
  uint16_t baud_setting = (F_CPU / 4 / baud - 1) / 2;
  *_ucsra = 1 << U2X0;
 c68:	e0 91 d7 01 	lds	r30, 0x01D7	; 0x8001d7 <Serial+0x10>
 c6c:	f0 91 d8 01 	lds	r31, 0x01D8	; 0x8001d8 <Serial+0x11>
 c70:	32 e0       	ldi	r19, 0x02	; 2
 c72:	30 83       	st	Z, r19
C:\Users\User\AppData\Local\Arduino15\packages\MightyCore\hardware\avr\3.0.2\cores\MCUdude_corefiles/HardwareSerial.cpp:135
    *_ucsra = 0;
    baud_setting = (F_CPU / 8 / baud - 1) / 2;
  }

  // assign the baud_setting, a.k.a. ubrr (USART Baud Rate Register)
  *_ubrrh = baud_setting >> 8;
 c74:	e0 91 d3 01 	lds	r30, 0x01D3	; 0x8001d3 <Serial+0xc>
 c78:	f0 91 d4 01 	lds	r31, 0x01D4	; 0x8001d4 <Serial+0xd>
 c7c:	10 82       	st	Z, r1
C:\Users\User\AppData\Local\Arduino15\packages\MightyCore\hardware\avr\3.0.2\cores\MCUdude_corefiles/HardwareSerial.cpp:136
  *_ubrrl = baud_setting;
 c7e:	e0 91 d5 01 	lds	r30, 0x01D5	; 0x8001d5 <Serial+0xe>
 c82:	f0 91 d6 01 	lds	r31, 0x01D6	; 0x8001d6 <Serial+0xf>
 c86:	23 e3       	ldi	r18, 0x33	; 51
 c88:	20 83       	st	Z, r18
C:\Users\User\AppData\Local\Arduino15\packages\MightyCore\hardware\avr\3.0.2\cores\MCUdude_corefiles/HardwareSerial.cpp:138

  _written = false;
 c8a:	10 92 df 01 	sts	0x01DF, r1	; 0x8001df <Serial+0x18>
C:\Users\User\AppData\Local\Arduino15\packages\MightyCore\hardware\avr\3.0.2\cores\MCUdude_corefiles/HardwareSerial.cpp:146
#if defined(__AVR_ATmega8__) || defined(__AVR_ATmega8515__) || defined(__AVR_ATmega162__) \
|| defined(__AVR_ATmega8535__) || defined(__AVR_ATmega16__)|| defined(__AVR_ATmega32__)   \
|| defined(__AVR_ATmega162__)
  config |= 0x80; // select UCSRC register (shared with UBRRH)
#endif
  *_ucsrc = config;
 c8e:	e0 91 db 01 	lds	r30, 0x01DB	; 0x8001db <Serial+0x14>
 c92:	f0 91 dc 01 	lds	r31, 0x01DC	; 0x8001dc <Serial+0x15>
 c96:	96 e0       	ldi	r25, 0x06	; 6
 c98:	90 83       	st	Z, r25
C:\Users\User\AppData\Local\Arduino15\packages\MightyCore\hardware\avr\3.0.2\cores\MCUdude_corefiles/HardwareSerial.cpp:148
  
  *_ucsrb |= _BV(RXEN0) | _BV(TXEN0) | _BV(RXCIE0);
 c9a:	e0 91 d9 01 	lds	r30, 0x01D9	; 0x8001d9 <Serial+0x12>
 c9e:	f0 91 da 01 	lds	r31, 0x01DA	; 0x8001da <Serial+0x13>
 ca2:	80 81       	ld	r24, Z
 ca4:	88 69       	ori	r24, 0x98	; 152
 ca6:	80 83       	st	Z, r24
C:\Users\User\AppData\Local\Arduino15\packages\MightyCore\hardware\avr\3.0.2\cores\MCUdude_corefiles/HardwareSerial.cpp:149
  *_ucsrb &= ~_BV(UDRIE0);
 ca8:	e0 91 d9 01 	lds	r30, 0x01D9	; 0x8001d9 <Serial+0x12>
 cac:	f0 91 da 01 	lds	r31, 0x01DA	; 0x8001da <Serial+0x13>
 cb0:	80 81       	ld	r24, Z
 cb2:	8f 7d       	andi	r24, 0xDF	; 223
 cb4:	80 83       	st	Z, r24
C:\Users\User\AppData\Local\Arduino15\packages\MightyCore\hardware\avr\3.0.2\cores\MCUdude_corefiles/HardwareSerial.cpp:121

void HardwareSerial::begin(unsigned long baud, byte config)
{
  // Try u2x mode first
  uint16_t baud_setting = (F_CPU / 4 / baud - 1) / 2;
  *_ucsra = 1 << U2X0;
 cb6:	e0 91 3a 01 	lds	r30, 0x013A	; 0x80013a <Serial1+0x10>
 cba:	f0 91 3b 01 	lds	r31, 0x013B	; 0x80013b <Serial1+0x11>
 cbe:	30 83       	st	Z, r19
C:\Users\User\AppData\Local\Arduino15\packages\MightyCore\hardware\avr\3.0.2\cores\MCUdude_corefiles/HardwareSerial.cpp:135
    *_ucsra = 0;
    baud_setting = (F_CPU / 8 / baud - 1) / 2;
  }

  // assign the baud_setting, a.k.a. ubrr (USART Baud Rate Register)
  *_ubrrh = baud_setting >> 8;
 cc0:	e0 91 36 01 	lds	r30, 0x0136	; 0x800136 <Serial1+0xc>
 cc4:	f0 91 37 01 	lds	r31, 0x0137	; 0x800137 <Serial1+0xd>
 cc8:	10 82       	st	Z, r1
C:\Users\User\AppData\Local\Arduino15\packages\MightyCore\hardware\avr\3.0.2\cores\MCUdude_corefiles/HardwareSerial.cpp:136
  *_ubrrl = baud_setting;
 cca:	e0 91 38 01 	lds	r30, 0x0138	; 0x800138 <Serial1+0xe>
 cce:	f0 91 39 01 	lds	r31, 0x0139	; 0x800139 <Serial1+0xf>
 cd2:	20 83       	st	Z, r18
C:\Users\User\AppData\Local\Arduino15\packages\MightyCore\hardware\avr\3.0.2\cores\MCUdude_corefiles/HardwareSerial.cpp:138

  _written = false;
 cd4:	10 92 42 01 	sts	0x0142, r1	; 0x800142 <Serial1+0x18>
C:\Users\User\AppData\Local\Arduino15\packages\MightyCore\hardware\avr\3.0.2\cores\MCUdude_corefiles/HardwareSerial.cpp:146
#if defined(__AVR_ATmega8__) || defined(__AVR_ATmega8515__) || defined(__AVR_ATmega162__) \
|| defined(__AVR_ATmega8535__) || defined(__AVR_ATmega16__)|| defined(__AVR_ATmega32__)   \
|| defined(__AVR_ATmega162__)
  config |= 0x80; // select UCSRC register (shared with UBRRH)
#endif
  *_ucsrc = config;
 cd8:	e0 91 3e 01 	lds	r30, 0x013E	; 0x80013e <Serial1+0x14>
 cdc:	f0 91 3f 01 	lds	r31, 0x013F	; 0x80013f <Serial1+0x15>
 ce0:	90 83       	st	Z, r25
C:\Users\User\AppData\Local\Arduino15\packages\MightyCore\hardware\avr\3.0.2\cores\MCUdude_corefiles/HardwareSerial.cpp:148
  
  *_ucsrb |= _BV(RXEN0) | _BV(TXEN0) | _BV(RXCIE0);
 ce2:	e0 91 3c 01 	lds	r30, 0x013C	; 0x80013c <Serial1+0x12>
 ce6:	f0 91 3d 01 	lds	r31, 0x013D	; 0x80013d <Serial1+0x13>
 cea:	80 81       	ld	r24, Z
 cec:	88 69       	ori	r24, 0x98	; 152
 cee:	80 83       	st	Z, r24
C:\Users\User\AppData\Local\Arduino15\packages\MightyCore\hardware\avr\3.0.2\cores\MCUdude_corefiles/HardwareSerial.cpp:149
  *_ucsrb &= ~_BV(UDRIE0);
 cf0:	e0 91 3c 01 	lds	r30, 0x013C	; 0x80013c <Serial1+0x12>
 cf4:	f0 91 3d 01 	lds	r31, 0x013D	; 0x80013d <Serial1+0x13>
 cf8:	80 81       	ld	r24, Z
 cfa:	8f 7d       	andi	r24, 0xDF	; 223
 cfc:	80 83       	st	Z, r24
setup():
C:\Users\User\OneDrive\Desktop\Rexus Germania\Cod\solderx_software\Mainboard/Mainboard.ino:80
  // Serial.println("Booting up..");

  Serial1.begin(38400);
  // Serial1.println("Hello Rexus");

  pinMode(LO_Pin, INPUT);
 cfe:	60 e0       	ldi	r22, 0x00	; 0
 d00:	84 e0       	ldi	r24, 0x04	; 4
 d02:	0e 94 70 02 	call	0x4e0	; 0x4e0 <pinMode>
C:\Users\User\OneDrive\Desktop\Rexus Germania\Cod\solderx_software\Mainboard/Mainboard.ino:81
  pinMode(SOE_Pin, INPUT);
 d06:	60 e0       	ldi	r22, 0x00	; 0
 d08:	83 e0       	ldi	r24, 0x03	; 3
 d0a:	0e 94 70 02 	call	0x4e0	; 0x4e0 <pinMode>
loop():
C:\Users\User\OneDrive\Desktop\Rexus Germania\Cod\solderx_software\Mainboard/Mainboard.ino:104
//      runTask(i);
//      previousMillis[i] = ms;
//    }
//  }
//  stateMachineUpdate();
  targetStepsDisk = 1000;
 d0e:	88 ee       	ldi	r24, 0xE8	; 232
 d10:	88 2e       	mov	r8, r24
 d12:	83 e0       	ldi	r24, 0x03	; 3
 d14:	98 2e       	mov	r9, r24
 d16:	a1 2c       	mov	r10, r1
 d18:	b1 2c       	mov	r11, r1
 d1a:	80 92 26 01 	sts	0x0126, r8	; 0x800126 <targetStepsDisk>
 d1e:	90 92 27 01 	sts	0x0127, r9	; 0x800127 <targetStepsDisk+0x1>
 d22:	a0 92 28 01 	sts	0x0128, r10	; 0x800128 <targetStepsDisk+0x2>
 d26:	b0 92 29 01 	sts	0x0129, r11	; 0x800129 <targetStepsDisk+0x3>
C:\Users\User\OneDrive\Desktop\Rexus Germania\Cod\solderx_software\Mainboard/Mainboard.ino:105
  targetStepsFM = 1000;
 d2a:	80 92 22 01 	sts	0x0122, r8	; 0x800122 <targetStepsFM>
 d2e:	90 92 23 01 	sts	0x0123, r9	; 0x800123 <targetStepsFM+0x1>
 d32:	a0 92 24 01 	sts	0x0124, r10	; 0x800124 <targetStepsFM+0x2>
 d36:	b0 92 25 01 	sts	0x0125, r11	; 0x800125 <targetStepsFM+0x3>
runTask():
C:\Users\User\OneDrive\Desktop\Rexus Germania\Cod\solderx_software\Mainboard/Mainboard.ino:153
      break;
    }
    case 2:{
        // disk
        //digitalWrite(LED_BUILTIN,HIGH);
        if (currentStepsDisk < targetStepsDisk) {
 d3a:	c0 90 1e 01 	lds	r12, 0x011E	; 0x80011e <currentStepsDisk>
 d3e:	d0 90 1f 01 	lds	r13, 0x011F	; 0x80011f <currentStepsDisk+0x1>
 d42:	e0 90 20 01 	lds	r14, 0x0120	; 0x800120 <currentStepsDisk+0x2>
 d46:	f0 90 21 01 	lds	r15, 0x0121	; 0x800121 <currentStepsDisk+0x3>
 d4a:	88 ee       	ldi	r24, 0xE8	; 232
 d4c:	c8 16       	cp	r12, r24
 d4e:	83 e0       	ldi	r24, 0x03	; 3
 d50:	d8 06       	cpc	r13, r24
 d52:	e1 04       	cpc	r14, r1
 d54:	f1 04       	cpc	r15, r1
 d56:	0c f0       	brlt	.+2      	; 0xd5a <main+0x354>
 d58:	6e c0       	rjmp	.+220    	; 0xe36 <main+0x430>
C:\Users\User\OneDrive\Desktop\Rexus Germania\Cod\solderx_software\Mainboard/Mainboard.ino:154
          DISK_DIR_CW = true;
 d5a:	81 e0       	ldi	r24, 0x01	; 1
 d5c:	80 93 01 01 	sts	0x0101, r24	; 0x800101 <DISK_DIR_CW>
C:\Users\User\OneDrive\Desktop\Rexus Germania\Cod\solderx_software\Mainboard/Mainboard.ino:155
          digitalWrite(DIR_DISK, HIGH);
 d60:	61 e0       	ldi	r22, 0x01	; 1
C:\Users\User\OneDrive\Desktop\Rexus Germania\Cod\solderx_software\Mainboard/Mainboard.ino:159
        }
        else if (currentStepsDisk > targetStepsDisk) {
          DISK_DIR_CW = false;
          digitalWrite(DIR_DISK, LOW);
 d62:	83 e1       	ldi	r24, 0x13	; 19
 d64:	0e 94 05 02 	call	0x40a	; 0x40a <digitalWrite>
C:\Users\User\OneDrive\Desktop\Rexus Germania\Cod\solderx_software\Mainboard/Mainboard.ino:165
        }
        else {
          break;
        }

        digitalWrite(STEP_DISK, HIGH);
 d68:	61 e0       	ldi	r22, 0x01	; 1
 d6a:	84 e1       	ldi	r24, 0x14	; 20
 d6c:	0e 94 05 02 	call	0x40a	; 0x40a <digitalWrite>
C:\Users\User\OneDrive\Desktop\Rexus Germania\Cod\solderx_software\Mainboard/Mainboard.ino:166
        delayMicroseconds(100);    // Control step speed (500us pulse width for 1kHz frequency)
 d70:	84 e6       	ldi	r24, 0x64	; 100
 d72:	90 e0       	ldi	r25, 0x00	; 0
 d74:	0e 94 a1 02 	call	0x542	; 0x542 <delayMicroseconds>
C:\Users\User\OneDrive\Desktop\Rexus Germania\Cod\solderx_software\Mainboard/Mainboard.ino:167
        digitalWrite(STEP_DISK, LOW);
 d78:	60 e0       	ldi	r22, 0x00	; 0
 d7a:	84 e1       	ldi	r24, 0x14	; 20
 d7c:	0e 94 05 02 	call	0x40a	; 0x40a <digitalWrite>
C:\Users\User\OneDrive\Desktop\Rexus Germania\Cod\solderx_software\Mainboard/Mainboard.ino:168
        delayMicroseconds(100);
 d80:	84 e6       	ldi	r24, 0x64	; 100
 d82:	90 e0       	ldi	r25, 0x00	; 0
 d84:	0e 94 a1 02 	call	0x542	; 0x542 <delayMicroseconds>
C:\Users\User\OneDrive\Desktop\Rexus Germania\Cod\solderx_software\Mainboard/Mainboard.ino:170

        if (DISK_DIR_CW)
 d88:	80 91 01 01 	lds	r24, 0x0101	; 0x800101 <DISK_DIR_CW>
 d8c:	88 23       	and	r24, r24
 d8e:	09 f4       	brne	.+2      	; 0xd92 <main+0x38c>
 d90:	5e c0       	rjmp	.+188    	; 0xe4e <main+0x448>
C:\Users\User\OneDrive\Desktop\Rexus Germania\Cod\solderx_software\Mainboard/Mainboard.ino:171
          currentStepsDisk++;
 d92:	8f ef       	ldi	r24, 0xFF	; 255
 d94:	c8 1a       	sub	r12, r24
 d96:	d8 0a       	sbc	r13, r24
 d98:	e8 0a       	sbc	r14, r24
 d9a:	f8 0a       	sbc	r15, r24
C:\Users\User\OneDrive\Desktop\Rexus Germania\Cod\solderx_software\Mainboard/Mainboard.ino:173
        else
          currentStepsDisk--;
 d9c:	c0 92 1e 01 	sts	0x011E, r12	; 0x80011e <currentStepsDisk>
 da0:	d0 92 1f 01 	sts	0x011F, r13	; 0x80011f <currentStepsDisk+0x1>
 da4:	e0 92 20 01 	sts	0x0120, r14	; 0x800120 <currentStepsDisk+0x2>
 da8:	f0 92 21 01 	sts	0x0121, r15	; 0x800121 <currentStepsDisk+0x3>
C:\Users\User\OneDrive\Desktop\Rexus Germania\Cod\solderx_software\Mainboard/Mainboard.ino:179
        break;
      }
    case 3: {
        // FM
        //digitalWrite(LED_BUILTIN,HIGH);
        if (currentStepsFM < targetStepsFM) {
 dac:	c0 90 1a 01 	lds	r12, 0x011A	; 0x80011a <currentStepsFM>
 db0:	d0 90 1b 01 	lds	r13, 0x011B	; 0x80011b <currentStepsFM+0x1>
 db4:	e0 90 1c 01 	lds	r14, 0x011C	; 0x80011c <currentStepsFM+0x2>
 db8:	f0 90 1d 01 	lds	r15, 0x011D	; 0x80011d <currentStepsFM+0x3>
 dbc:	80 91 22 01 	lds	r24, 0x0122	; 0x800122 <targetStepsFM>
 dc0:	90 91 23 01 	lds	r25, 0x0123	; 0x800123 <targetStepsFM+0x1>
 dc4:	a0 91 24 01 	lds	r26, 0x0124	; 0x800124 <targetStepsFM+0x2>
 dc8:	b0 91 25 01 	lds	r27, 0x0125	; 0x800125 <targetStepsFM+0x3>
 dcc:	c8 16       	cp	r12, r24
 dce:	d9 06       	cpc	r13, r25
 dd0:	ea 06       	cpc	r14, r26
 dd2:	fb 06       	cpc	r15, r27
 dd4:	0c f0       	brlt	.+2      	; 0xdd8 <main+0x3d2>
 dd6:	41 c0       	rjmp	.+130    	; 0xe5a <main+0x454>
C:\Users\User\OneDrive\Desktop\Rexus Germania\Cod\solderx_software\Mainboard/Mainboard.ino:180
          FM_DIR_CW = true;
 dd8:	81 e0       	ldi	r24, 0x01	; 1
 dda:	80 93 00 01 	sts	0x0100, r24	; 0x800100 <__DATA_REGION_ORIGIN__>
C:\Users\User\OneDrive\Desktop\Rexus Germania\Cod\solderx_software\Mainboard/Mainboard.ino:181
          digitalWrite(DIR_FM, HIGH);
 dde:	61 e0       	ldi	r22, 0x01	; 1
C:\Users\User\OneDrive\Desktop\Rexus Germania\Cod\solderx_software\Mainboard/Mainboard.ino:185
        }
        else if (currentStepsFM > targetStepsFM) {
          FM_DIR_CW = false;
          digitalWrite(DIR_FM, LOW);
 de0:	87 e1       	ldi	r24, 0x17	; 23
 de2:	0e 94 05 02 	call	0x40a	; 0x40a <digitalWrite>
C:\Users\User\OneDrive\Desktop\Rexus Germania\Cod\solderx_software\Mainboard/Mainboard.ino:191
        }
        else {
          break;
        }

        digitalWrite(STEP_FM, HIGH);
 de6:	61 e0       	ldi	r22, 0x01	; 1
 de8:	8c e1       	ldi	r24, 0x1C	; 28
 dea:	0e 94 05 02 	call	0x40a	; 0x40a <digitalWrite>
C:\Users\User\OneDrive\Desktop\Rexus Germania\Cod\solderx_software\Mainboard/Mainboard.ino:192
        delayMicroseconds(100);    // Control step speed (500us pulse width for 1kHz frequency)
 dee:	84 e6       	ldi	r24, 0x64	; 100
 df0:	90 e0       	ldi	r25, 0x00	; 0
 df2:	0e 94 a1 02 	call	0x542	; 0x542 <delayMicroseconds>
C:\Users\User\OneDrive\Desktop\Rexus Germania\Cod\solderx_software\Mainboard/Mainboard.ino:193
        digitalWrite(STEP_FM, LOW);
 df6:	60 e0       	ldi	r22, 0x00	; 0
 df8:	8c e1       	ldi	r24, 0x1C	; 28
 dfa:	0e 94 05 02 	call	0x40a	; 0x40a <digitalWrite>
C:\Users\User\OneDrive\Desktop\Rexus Germania\Cod\solderx_software\Mainboard/Mainboard.ino:194
        delayMicroseconds(100);
 dfe:	84 e6       	ldi	r24, 0x64	; 100
 e00:	90 e0       	ldi	r25, 0x00	; 0
 e02:	0e 94 a1 02 	call	0x542	; 0x542 <delayMicroseconds>
C:\Users\User\OneDrive\Desktop\Rexus Germania\Cod\solderx_software\Mainboard/Mainboard.ino:196

        if (FM_DIR_CW)
 e06:	80 91 00 01 	lds	r24, 0x0100	; 0x800100 <__DATA_REGION_ORIGIN__>
 e0a:	88 23       	and	r24, r24
 e0c:	79 f1       	breq	.+94     	; 0xe6c <main+0x466>
C:\Users\User\OneDrive\Desktop\Rexus Germania\Cod\solderx_software\Mainboard/Mainboard.ino:197
          currentStepsFM++;
 e0e:	8f ef       	ldi	r24, 0xFF	; 255
 e10:	c8 1a       	sub	r12, r24
 e12:	d8 0a       	sbc	r13, r24
 e14:	e8 0a       	sbc	r14, r24
 e16:	f8 0a       	sbc	r15, r24
C:\Users\User\OneDrive\Desktop\Rexus Germania\Cod\solderx_software\Mainboard/Mainboard.ino:199
        else
          currentStepsFM--;
 e18:	c0 92 1a 01 	sts	0x011A, r12	; 0x80011a <currentStepsFM>
 e1c:	d0 92 1b 01 	sts	0x011B, r13	; 0x80011b <currentStepsFM+0x1>
 e20:	e0 92 1c 01 	sts	0x011C, r14	; 0x80011c <currentStepsFM+0x2>
 e24:	f0 92 1d 01 	sts	0x011D, r15	; 0x80011d <currentStepsFM+0x3>
loop():
C:\Users\User\OneDrive\Desktop\Rexus Germania\Cod\solderx_software\Mainboard/Mainboard.ino:108
//  stateMachineUpdate();
  targetStepsDisk = 1000;
  targetStepsFM = 1000;
  runTask(2);
  runTask(3);
  delayMicroseconds(500);
 e28:	84 ef       	ldi	r24, 0xF4	; 244
 e2a:	91 e0       	ldi	r25, 0x01	; 1
 e2c:	0e 94 a1 02 	call	0x542	; 0x542 <delayMicroseconds>
main():
C:\Users\User\AppData\Local\Arduino15\packages\MightyCore\hardware\avr\3.0.2\cores\MCUdude_corefiles/main.cpp:47
  
  setup();
    
  for (;;) {
    loop();
    if (serialEventRun) serialEventRun();
 e30:	0e 94 e5 01 	call	0x3ca	; 0x3ca <serialEventRun()>
 e34:	72 cf       	rjmp	.-284    	; 0xd1a <main+0x314>
runTask():
C:\Users\User\OneDrive\Desktop\Rexus Germania\Cod\solderx_software\Mainboard/Mainboard.ino:157
        //digitalWrite(LED_BUILTIN,HIGH);
        if (currentStepsDisk < targetStepsDisk) {
          DISK_DIR_CW = true;
          digitalWrite(DIR_DISK, HIGH);
        }
        else if (currentStepsDisk > targetStepsDisk) {
 e36:	88 ee       	ldi	r24, 0xE8	; 232
 e38:	c8 16       	cp	r12, r24
 e3a:	83 e0       	ldi	r24, 0x03	; 3
 e3c:	d8 06       	cpc	r13, r24
 e3e:	e1 04       	cpc	r14, r1
 e40:	f1 04       	cpc	r15, r1
 e42:	09 f4       	brne	.+2      	; 0xe46 <main+0x440>
 e44:	b3 cf       	rjmp	.-154    	; 0xdac <main+0x3a6>
C:\Users\User\OneDrive\Desktop\Rexus Germania\Cod\solderx_software\Mainboard/Mainboard.ino:158
          DISK_DIR_CW = false;
 e46:	10 92 01 01 	sts	0x0101, r1	; 0x800101 <DISK_DIR_CW>
C:\Users\User\OneDrive\Desktop\Rexus Germania\Cod\solderx_software\Mainboard/Mainboard.ino:159
          digitalWrite(DIR_DISK, LOW);
 e4a:	60 e0       	ldi	r22, 0x00	; 0
 e4c:	8a cf       	rjmp	.-236    	; 0xd62 <main+0x35c>
C:\Users\User\OneDrive\Desktop\Rexus Germania\Cod\solderx_software\Mainboard/Mainboard.ino:173
        delayMicroseconds(100);

        if (DISK_DIR_CW)
          currentStepsDisk++;
        else
          currentStepsDisk--;
 e4e:	81 e0       	ldi	r24, 0x01	; 1
 e50:	c8 1a       	sub	r12, r24
 e52:	d1 08       	sbc	r13, r1
 e54:	e1 08       	sbc	r14, r1
 e56:	f1 08       	sbc	r15, r1
 e58:	a1 cf       	rjmp	.-190    	; 0xd9c <main+0x396>
C:\Users\User\OneDrive\Desktop\Rexus Germania\Cod\solderx_software\Mainboard/Mainboard.ino:183
        //digitalWrite(LED_BUILTIN,HIGH);
        if (currentStepsFM < targetStepsFM) {
          FM_DIR_CW = true;
          digitalWrite(DIR_FM, HIGH);
        }
        else if (currentStepsFM > targetStepsFM) {
 e5a:	8c 15       	cp	r24, r12
 e5c:	9d 05       	cpc	r25, r13
 e5e:	ae 05       	cpc	r26, r14
 e60:	bf 05       	cpc	r27, r15
 e62:	14 f7       	brge	.-60     	; 0xe28 <main+0x422>
C:\Users\User\OneDrive\Desktop\Rexus Germania\Cod\solderx_software\Mainboard/Mainboard.ino:184
          FM_DIR_CW = false;
 e64:	10 92 00 01 	sts	0x0100, r1	; 0x800100 <__DATA_REGION_ORIGIN__>
C:\Users\User\OneDrive\Desktop\Rexus Germania\Cod\solderx_software\Mainboard/Mainboard.ino:185
          digitalWrite(DIR_FM, LOW);
 e68:	60 e0       	ldi	r22, 0x00	; 0
 e6a:	ba cf       	rjmp	.-140    	; 0xde0 <main+0x3da>
C:\Users\User\OneDrive\Desktop\Rexus Germania\Cod\solderx_software\Mainboard/Mainboard.ino:199
        delayMicroseconds(100);

        if (FM_DIR_CW)
          currentStepsFM++;
        else
          currentStepsFM--;
 e6c:	81 e0       	ldi	r24, 0x01	; 1
 e6e:	c8 1a       	sub	r12, r24
 e70:	d1 08       	sbc	r13, r1
 e72:	e1 08       	sbc	r14, r1
 e74:	f1 08       	sbc	r15, r1
 e76:	d0 cf       	rjmp	.-96     	; 0xe18 <main+0x412>

00000e78 <__divmodsi4>:
__divmodsi4():
/home/jenkins-mingw32/workspace/avr-gcc-staging/label/Ubuntu14.04x64-mingw32/gcc-build/avr/avr5/libgcc/../../../../gcc/libgcc/config/avr/lib1funcs.S:1686
 e78:	05 2e       	mov	r0, r21
/home/jenkins-mingw32/workspace/avr-gcc-staging/label/Ubuntu14.04x64-mingw32/gcc-build/avr/avr5/libgcc/../../../../gcc/libgcc/config/avr/lib1funcs.S:1687
 e7a:	97 fb       	bst	r25, 7
/home/jenkins-mingw32/workspace/avr-gcc-staging/label/Ubuntu14.04x64-mingw32/gcc-build/avr/avr5/libgcc/../../../../gcc/libgcc/config/avr/lib1funcs.S:1688
 e7c:	1e f4       	brtc	.+6      	; 0xe84 <__divmodsi4+0xc>
/home/jenkins-mingw32/workspace/avr-gcc-staging/label/Ubuntu14.04x64-mingw32/gcc-build/avr/avr5/libgcc/../../../../gcc/libgcc/config/avr/lib1funcs.S:1689
 e7e:	00 94       	com	r0
/home/jenkins-mingw32/workspace/avr-gcc-staging/label/Ubuntu14.04x64-mingw32/gcc-build/avr/avr5/libgcc/../../../../gcc/libgcc/config/avr/lib1funcs.S:1690
 e80:	0e 94 53 07 	call	0xea6	; 0xea6 <__negsi2>
/home/jenkins-mingw32/workspace/avr-gcc-staging/label/Ubuntu14.04x64-mingw32/gcc-build/avr/avr5/libgcc/../../../../gcc/libgcc/config/avr/lib1funcs.S:1692
 e84:	57 fd       	sbrc	r21, 7
/home/jenkins-mingw32/workspace/avr-gcc-staging/label/Ubuntu14.04x64-mingw32/gcc-build/avr/avr5/libgcc/../../../../gcc/libgcc/config/avr/lib1funcs.S:1693
 e86:	07 d0       	rcall	.+14     	; 0xe96 <__divmodsi4_neg2>
/home/jenkins-mingw32/workspace/avr-gcc-staging/label/Ubuntu14.04x64-mingw32/gcc-build/avr/avr5/libgcc/../../../../gcc/libgcc/config/avr/lib1funcs.S:1694
 e88:	0e 94 66 07 	call	0xecc	; 0xecc <__udivmodsi4>
/home/jenkins-mingw32/workspace/avr-gcc-staging/label/Ubuntu14.04x64-mingw32/gcc-build/avr/avr5/libgcc/../../../../gcc/libgcc/config/avr/lib1funcs.S:1695
 e8c:	07 fc       	sbrc	r0, 7
/home/jenkins-mingw32/workspace/avr-gcc-staging/label/Ubuntu14.04x64-mingw32/gcc-build/avr/avr5/libgcc/../../../../gcc/libgcc/config/avr/lib1funcs.S:1696
 e8e:	03 d0       	rcall	.+6      	; 0xe96 <__divmodsi4_neg2>
/home/jenkins-mingw32/workspace/avr-gcc-staging/label/Ubuntu14.04x64-mingw32/gcc-build/avr/avr5/libgcc/../../../../gcc/libgcc/config/avr/lib1funcs.S:1697
 e90:	4e f4       	brtc	.+18     	; 0xea4 <__divmodsi4_exit>
/home/jenkins-mingw32/workspace/avr-gcc-staging/label/Ubuntu14.04x64-mingw32/gcc-build/avr/avr5/libgcc/../../../../gcc/libgcc/config/avr/lib1funcs.S:1698
 e92:	0c 94 53 07 	jmp	0xea6	; 0xea6 <__negsi2>

00000e96 <__divmodsi4_neg2>:
/home/jenkins-mingw32/workspace/avr-gcc-staging/label/Ubuntu14.04x64-mingw32/gcc-build/avr/avr5/libgcc/../../../../gcc/libgcc/config/avr/lib1funcs.S:1701
 e96:	50 95       	com	r21
/home/jenkins-mingw32/workspace/avr-gcc-staging/label/Ubuntu14.04x64-mingw32/gcc-build/avr/avr5/libgcc/../../../../gcc/libgcc/config/avr/lib1funcs.S:1702
 e98:	40 95       	com	r20
/home/jenkins-mingw32/workspace/avr-gcc-staging/label/Ubuntu14.04x64-mingw32/gcc-build/avr/avr5/libgcc/../../../../gcc/libgcc/config/avr/lib1funcs.S:1703
 e9a:	30 95       	com	r19
/home/jenkins-mingw32/workspace/avr-gcc-staging/label/Ubuntu14.04x64-mingw32/gcc-build/avr/avr5/libgcc/../../../../gcc/libgcc/config/avr/lib1funcs.S:1704
 e9c:	21 95       	neg	r18
/home/jenkins-mingw32/workspace/avr-gcc-staging/label/Ubuntu14.04x64-mingw32/gcc-build/avr/avr5/libgcc/../../../../gcc/libgcc/config/avr/lib1funcs.S:1705
 e9e:	3f 4f       	sbci	r19, 0xFF	; 255
/home/jenkins-mingw32/workspace/avr-gcc-staging/label/Ubuntu14.04x64-mingw32/gcc-build/avr/avr5/libgcc/../../../../gcc/libgcc/config/avr/lib1funcs.S:1706
 ea0:	4f 4f       	sbci	r20, 0xFF	; 255
/home/jenkins-mingw32/workspace/avr-gcc-staging/label/Ubuntu14.04x64-mingw32/gcc-build/avr/avr5/libgcc/../../../../gcc/libgcc/config/avr/lib1funcs.S:1707
 ea2:	5f 4f       	sbci	r21, 0xFF	; 255

00000ea4 <__divmodsi4_exit>:
/home/jenkins-mingw32/workspace/avr-gcc-staging/label/Ubuntu14.04x64-mingw32/gcc-build/avr/avr5/libgcc/../../../../gcc/libgcc/config/avr/lib1funcs.S:1709
 ea4:	08 95       	ret

00000ea6 <__negsi2>:
__negsi2():
/home/jenkins-mingw32/workspace/avr-gcc-staging/label/Ubuntu14.04x64-mingw32/gcc-build/avr/avr5/libgcc/../../../../gcc/libgcc/config/avr/lib1funcs.S:1718
 ea6:	90 95       	com	r25
 ea8:	80 95       	com	r24
 eaa:	70 95       	com	r23
 eac:	61 95       	neg	r22
 eae:	7f 4f       	sbci	r23, 0xFF	; 255
 eb0:	8f 4f       	sbci	r24, 0xFF	; 255
 eb2:	9f 4f       	sbci	r25, 0xFF	; 255
/home/jenkins-mingw32/workspace/avr-gcc-staging/label/Ubuntu14.04x64-mingw32/gcc-build/avr/avr5/libgcc/../../../../gcc/libgcc/config/avr/lib1funcs.S:1719
 eb4:	08 95       	ret

00000eb6 <__muluhisi3>:
__muluhisi3():
/home/jenkins-mingw32/workspace/avr-gcc-staging/label/Ubuntu14.04x64-mingw32/gcc-build/avr/avr5/libgcc/../../../../gcc/libgcc/config/avr/lib1funcs.S:626
 eb6:	0e 94 88 07 	call	0xf10	; 0xf10 <__umulhisi3>
/home/jenkins-mingw32/workspace/avr-gcc-staging/label/Ubuntu14.04x64-mingw32/gcc-build/avr/avr5/libgcc/../../../../gcc/libgcc/config/avr/lib1funcs.S:627
 eba:	a5 9f       	mul	r26, r21
/home/jenkins-mingw32/workspace/avr-gcc-staging/label/Ubuntu14.04x64-mingw32/gcc-build/avr/avr5/libgcc/../../../../gcc/libgcc/config/avr/lib1funcs.S:628
 ebc:	90 0d       	add	r25, r0
/home/jenkins-mingw32/workspace/avr-gcc-staging/label/Ubuntu14.04x64-mingw32/gcc-build/avr/avr5/libgcc/../../../../gcc/libgcc/config/avr/lib1funcs.S:629
 ebe:	b4 9f       	mul	r27, r20
/home/jenkins-mingw32/workspace/avr-gcc-staging/label/Ubuntu14.04x64-mingw32/gcc-build/avr/avr5/libgcc/../../../../gcc/libgcc/config/avr/lib1funcs.S:630
 ec0:	90 0d       	add	r25, r0
/home/jenkins-mingw32/workspace/avr-gcc-staging/label/Ubuntu14.04x64-mingw32/gcc-build/avr/avr5/libgcc/../../../../gcc/libgcc/config/avr/lib1funcs.S:631
 ec2:	a4 9f       	mul	r26, r20
/home/jenkins-mingw32/workspace/avr-gcc-staging/label/Ubuntu14.04x64-mingw32/gcc-build/avr/avr5/libgcc/../../../../gcc/libgcc/config/avr/lib1funcs.S:632
 ec4:	80 0d       	add	r24, r0
/home/jenkins-mingw32/workspace/avr-gcc-staging/label/Ubuntu14.04x64-mingw32/gcc-build/avr/avr5/libgcc/../../../../gcc/libgcc/config/avr/lib1funcs.S:633
 ec6:	91 1d       	adc	r25, r1
/home/jenkins-mingw32/workspace/avr-gcc-staging/label/Ubuntu14.04x64-mingw32/gcc-build/avr/avr5/libgcc/../../../../gcc/libgcc/config/avr/lib1funcs.S:634
 ec8:	11 24       	eor	r1, r1
/home/jenkins-mingw32/workspace/avr-gcc-staging/label/Ubuntu14.04x64-mingw32/gcc-build/avr/avr5/libgcc/../../../../gcc/libgcc/config/avr/lib1funcs.S:635
 eca:	08 95       	ret

00000ecc <__udivmodsi4>:
__udivmodsi4():
/home/jenkins-mingw32/workspace/avr-gcc-staging/label/Ubuntu14.04x64-mingw32/gcc-build/avr/avr5/libgcc/../../../../gcc/libgcc/config/avr/lib1funcs.S:1638
 ecc:	a1 e2       	ldi	r26, 0x21	; 33
/home/jenkins-mingw32/workspace/avr-gcc-staging/label/Ubuntu14.04x64-mingw32/gcc-build/avr/avr5/libgcc/../../../../gcc/libgcc/config/avr/lib1funcs.S:1639
 ece:	1a 2e       	mov	r1, r26
/home/jenkins-mingw32/workspace/avr-gcc-staging/label/Ubuntu14.04x64-mingw32/gcc-build/avr/avr5/libgcc/../../../../gcc/libgcc/config/avr/lib1funcs.S:1640
 ed0:	aa 1b       	sub	r26, r26
/home/jenkins-mingw32/workspace/avr-gcc-staging/label/Ubuntu14.04x64-mingw32/gcc-build/avr/avr5/libgcc/../../../../gcc/libgcc/config/avr/lib1funcs.S:1641
 ed2:	bb 1b       	sub	r27, r27
/home/jenkins-mingw32/workspace/avr-gcc-staging/label/Ubuntu14.04x64-mingw32/gcc-build/avr/avr5/libgcc/../../../../gcc/libgcc/config/avr/lib1funcs.S:1642
 ed4:	fd 01       	movw	r30, r26
/home/jenkins-mingw32/workspace/avr-gcc-staging/label/Ubuntu14.04x64-mingw32/gcc-build/avr/avr5/libgcc/../../../../gcc/libgcc/config/avr/lib1funcs.S:1644
 ed6:	0d c0       	rjmp	.+26     	; 0xef2 <__udivmodsi4_ep>

00000ed8 <__udivmodsi4_loop>:
/home/jenkins-mingw32/workspace/avr-gcc-staging/label/Ubuntu14.04x64-mingw32/gcc-build/avr/avr5/libgcc/../../../../gcc/libgcc/config/avr/lib1funcs.S:1646
 ed8:	aa 1f       	adc	r26, r26
/home/jenkins-mingw32/workspace/avr-gcc-staging/label/Ubuntu14.04x64-mingw32/gcc-build/avr/avr5/libgcc/../../../../gcc/libgcc/config/avr/lib1funcs.S:1647
 eda:	bb 1f       	adc	r27, r27
/home/jenkins-mingw32/workspace/avr-gcc-staging/label/Ubuntu14.04x64-mingw32/gcc-build/avr/avr5/libgcc/../../../../gcc/libgcc/config/avr/lib1funcs.S:1648
 edc:	ee 1f       	adc	r30, r30
/home/jenkins-mingw32/workspace/avr-gcc-staging/label/Ubuntu14.04x64-mingw32/gcc-build/avr/avr5/libgcc/../../../../gcc/libgcc/config/avr/lib1funcs.S:1649
 ede:	ff 1f       	adc	r31, r31
/home/jenkins-mingw32/workspace/avr-gcc-staging/label/Ubuntu14.04x64-mingw32/gcc-build/avr/avr5/libgcc/../../../../gcc/libgcc/config/avr/lib1funcs.S:1650
 ee0:	a2 17       	cp	r26, r18
/home/jenkins-mingw32/workspace/avr-gcc-staging/label/Ubuntu14.04x64-mingw32/gcc-build/avr/avr5/libgcc/../../../../gcc/libgcc/config/avr/lib1funcs.S:1651
 ee2:	b3 07       	cpc	r27, r19
/home/jenkins-mingw32/workspace/avr-gcc-staging/label/Ubuntu14.04x64-mingw32/gcc-build/avr/avr5/libgcc/../../../../gcc/libgcc/config/avr/lib1funcs.S:1652
 ee4:	e4 07       	cpc	r30, r20
/home/jenkins-mingw32/workspace/avr-gcc-staging/label/Ubuntu14.04x64-mingw32/gcc-build/avr/avr5/libgcc/../../../../gcc/libgcc/config/avr/lib1funcs.S:1653
 ee6:	f5 07       	cpc	r31, r21
/home/jenkins-mingw32/workspace/avr-gcc-staging/label/Ubuntu14.04x64-mingw32/gcc-build/avr/avr5/libgcc/../../../../gcc/libgcc/config/avr/lib1funcs.S:1654
 ee8:	20 f0       	brcs	.+8      	; 0xef2 <__udivmodsi4_ep>
/home/jenkins-mingw32/workspace/avr-gcc-staging/label/Ubuntu14.04x64-mingw32/gcc-build/avr/avr5/libgcc/../../../../gcc/libgcc/config/avr/lib1funcs.S:1655
 eea:	a2 1b       	sub	r26, r18
/home/jenkins-mingw32/workspace/avr-gcc-staging/label/Ubuntu14.04x64-mingw32/gcc-build/avr/avr5/libgcc/../../../../gcc/libgcc/config/avr/lib1funcs.S:1656
 eec:	b3 0b       	sbc	r27, r19
/home/jenkins-mingw32/workspace/avr-gcc-staging/label/Ubuntu14.04x64-mingw32/gcc-build/avr/avr5/libgcc/../../../../gcc/libgcc/config/avr/lib1funcs.S:1657
 eee:	e4 0b       	sbc	r30, r20
/home/jenkins-mingw32/workspace/avr-gcc-staging/label/Ubuntu14.04x64-mingw32/gcc-build/avr/avr5/libgcc/../../../../gcc/libgcc/config/avr/lib1funcs.S:1658
 ef0:	f5 0b       	sbc	r31, r21

00000ef2 <__udivmodsi4_ep>:
/home/jenkins-mingw32/workspace/avr-gcc-staging/label/Ubuntu14.04x64-mingw32/gcc-build/avr/avr5/libgcc/../../../../gcc/libgcc/config/avr/lib1funcs.S:1660
 ef2:	66 1f       	adc	r22, r22
/home/jenkins-mingw32/workspace/avr-gcc-staging/label/Ubuntu14.04x64-mingw32/gcc-build/avr/avr5/libgcc/../../../../gcc/libgcc/config/avr/lib1funcs.S:1661
 ef4:	77 1f       	adc	r23, r23
/home/jenkins-mingw32/workspace/avr-gcc-staging/label/Ubuntu14.04x64-mingw32/gcc-build/avr/avr5/libgcc/../../../../gcc/libgcc/config/avr/lib1funcs.S:1662
 ef6:	88 1f       	adc	r24, r24
/home/jenkins-mingw32/workspace/avr-gcc-staging/label/Ubuntu14.04x64-mingw32/gcc-build/avr/avr5/libgcc/../../../../gcc/libgcc/config/avr/lib1funcs.S:1663
 ef8:	99 1f       	adc	r25, r25
/home/jenkins-mingw32/workspace/avr-gcc-staging/label/Ubuntu14.04x64-mingw32/gcc-build/avr/avr5/libgcc/../../../../gcc/libgcc/config/avr/lib1funcs.S:1664
 efa:	1a 94       	dec	r1
/home/jenkins-mingw32/workspace/avr-gcc-staging/label/Ubuntu14.04x64-mingw32/gcc-build/avr/avr5/libgcc/../../../../gcc/libgcc/config/avr/lib1funcs.S:1665
 efc:	69 f7       	brne	.-38     	; 0xed8 <__udivmodsi4_loop>
/home/jenkins-mingw32/workspace/avr-gcc-staging/label/Ubuntu14.04x64-mingw32/gcc-build/avr/avr5/libgcc/../../../../gcc/libgcc/config/avr/lib1funcs.S:1667
 efe:	60 95       	com	r22
/home/jenkins-mingw32/workspace/avr-gcc-staging/label/Ubuntu14.04x64-mingw32/gcc-build/avr/avr5/libgcc/../../../../gcc/libgcc/config/avr/lib1funcs.S:1668
 f00:	70 95       	com	r23
/home/jenkins-mingw32/workspace/avr-gcc-staging/label/Ubuntu14.04x64-mingw32/gcc-build/avr/avr5/libgcc/../../../../gcc/libgcc/config/avr/lib1funcs.S:1669
 f02:	80 95       	com	r24
/home/jenkins-mingw32/workspace/avr-gcc-staging/label/Ubuntu14.04x64-mingw32/gcc-build/avr/avr5/libgcc/../../../../gcc/libgcc/config/avr/lib1funcs.S:1670
 f04:	90 95       	com	r25
/home/jenkins-mingw32/workspace/avr-gcc-staging/label/Ubuntu14.04x64-mingw32/gcc-build/avr/avr5/libgcc/../../../../gcc/libgcc/config/avr/lib1funcs.S:1672
 f06:	9b 01       	movw	r18, r22
/home/jenkins-mingw32/workspace/avr-gcc-staging/label/Ubuntu14.04x64-mingw32/gcc-build/avr/avr5/libgcc/../../../../gcc/libgcc/config/avr/lib1funcs.S:1674
 f08:	ac 01       	movw	r20, r24
/home/jenkins-mingw32/workspace/avr-gcc-staging/label/Ubuntu14.04x64-mingw32/gcc-build/avr/avr5/libgcc/../../../../gcc/libgcc/config/avr/lib1funcs.S:1676
 f0a:	bd 01       	movw	r22, r26
/home/jenkins-mingw32/workspace/avr-gcc-staging/label/Ubuntu14.04x64-mingw32/gcc-build/avr/avr5/libgcc/../../../../gcc/libgcc/config/avr/lib1funcs.S:1678
 f0c:	cf 01       	movw	r24, r30
/home/jenkins-mingw32/workspace/avr-gcc-staging/label/Ubuntu14.04x64-mingw32/gcc-build/avr/avr5/libgcc/../../../../gcc/libgcc/config/avr/lib1funcs.S:1680
 f0e:	08 95       	ret

00000f10 <__umulhisi3>:
__umulhisi3():
/home/jenkins-mingw32/workspace/avr-gcc-staging/label/Ubuntu14.04x64-mingw32/gcc-build/avr/avr5/libgcc/../../../../gcc/libgcc/config/avr/lib1funcs.S:564
 f10:	a2 9f       	mul	r26, r18
/home/jenkins-mingw32/workspace/avr-gcc-staging/label/Ubuntu14.04x64-mingw32/gcc-build/avr/avr5/libgcc/../../../../gcc/libgcc/config/avr/lib1funcs.S:565
 f12:	b0 01       	movw	r22, r0
/home/jenkins-mingw32/workspace/avr-gcc-staging/label/Ubuntu14.04x64-mingw32/gcc-build/avr/avr5/libgcc/../../../../gcc/libgcc/config/avr/lib1funcs.S:566
 f14:	b3 9f       	mul	r27, r19
/home/jenkins-mingw32/workspace/avr-gcc-staging/label/Ubuntu14.04x64-mingw32/gcc-build/avr/avr5/libgcc/../../../../gcc/libgcc/config/avr/lib1funcs.S:567
 f16:	c0 01       	movw	r24, r0
/home/jenkins-mingw32/workspace/avr-gcc-staging/label/Ubuntu14.04x64-mingw32/gcc-build/avr/avr5/libgcc/../../../../gcc/libgcc/config/avr/lib1funcs.S:568
 f18:	a3 9f       	mul	r26, r19
/home/jenkins-mingw32/workspace/avr-gcc-staging/label/Ubuntu14.04x64-mingw32/gcc-build/avr/avr5/libgcc/../../../../gcc/libgcc/config/avr/lib1funcs.S:573
 f1a:	70 0d       	add	r23, r0
/home/jenkins-mingw32/workspace/avr-gcc-staging/label/Ubuntu14.04x64-mingw32/gcc-build/avr/avr5/libgcc/../../../../gcc/libgcc/config/avr/lib1funcs.S:574
 f1c:	81 1d       	adc	r24, r1
/home/jenkins-mingw32/workspace/avr-gcc-staging/label/Ubuntu14.04x64-mingw32/gcc-build/avr/avr5/libgcc/../../../../gcc/libgcc/config/avr/lib1funcs.S:575
 f1e:	11 24       	eor	r1, r1
/home/jenkins-mingw32/workspace/avr-gcc-staging/label/Ubuntu14.04x64-mingw32/gcc-build/avr/avr5/libgcc/../../../../gcc/libgcc/config/avr/lib1funcs.S:576
 f20:	91 1d       	adc	r25, r1
/home/jenkins-mingw32/workspace/avr-gcc-staging/label/Ubuntu14.04x64-mingw32/gcc-build/avr/avr5/libgcc/../../../../gcc/libgcc/config/avr/lib1funcs.S:580
 f22:	b2 9f       	mul	r27, r18
/home/jenkins-mingw32/workspace/avr-gcc-staging/label/Ubuntu14.04x64-mingw32/gcc-build/avr/avr5/libgcc/../../../../gcc/libgcc/config/avr/lib1funcs.S:581
 f24:	70 0d       	add	r23, r0
/home/jenkins-mingw32/workspace/avr-gcc-staging/label/Ubuntu14.04x64-mingw32/gcc-build/avr/avr5/libgcc/../../../../gcc/libgcc/config/avr/lib1funcs.S:582
 f26:	81 1d       	adc	r24, r1
/home/jenkins-mingw32/workspace/avr-gcc-staging/label/Ubuntu14.04x64-mingw32/gcc-build/avr/avr5/libgcc/../../../../gcc/libgcc/config/avr/lib1funcs.S:583
 f28:	11 24       	eor	r1, r1
/home/jenkins-mingw32/workspace/avr-gcc-staging/label/Ubuntu14.04x64-mingw32/gcc-build/avr/avr5/libgcc/../../../../gcc/libgcc/config/avr/lib1funcs.S:584
 f2a:	91 1d       	adc	r25, r1
/home/jenkins-mingw32/workspace/avr-gcc-staging/label/Ubuntu14.04x64-mingw32/gcc-build/avr/avr5/libgcc/../../../../gcc/libgcc/config/avr/lib1funcs.S:585
 f2c:	08 95       	ret

00000f2e <__udivmodqi4>:
__udivmodqi4():
/home/jenkins-mingw32/workspace/avr-gcc-staging/label/Ubuntu14.04x64-mingw32/gcc-build/avr/avr5/libgcc/../../../../gcc/libgcc/config/avr/lib1funcs.S:1346
 f2e:	99 1b       	sub	r25, r25
/home/jenkins-mingw32/workspace/avr-gcc-staging/label/Ubuntu14.04x64-mingw32/gcc-build/avr/avr5/libgcc/../../../../gcc/libgcc/config/avr/lib1funcs.S:1347
 f30:	79 e0       	ldi	r23, 0x09	; 9
/home/jenkins-mingw32/workspace/avr-gcc-staging/label/Ubuntu14.04x64-mingw32/gcc-build/avr/avr5/libgcc/../../../../gcc/libgcc/config/avr/lib1funcs.S:1348
 f32:	04 c0       	rjmp	.+8      	; 0xf3c <__udivmodqi4_ep>

00000f34 <__udivmodqi4_loop>:
/home/jenkins-mingw32/workspace/avr-gcc-staging/label/Ubuntu14.04x64-mingw32/gcc-build/avr/avr5/libgcc/../../../../gcc/libgcc/config/avr/lib1funcs.S:1350
 f34:	99 1f       	adc	r25, r25
/home/jenkins-mingw32/workspace/avr-gcc-staging/label/Ubuntu14.04x64-mingw32/gcc-build/avr/avr5/libgcc/../../../../gcc/libgcc/config/avr/lib1funcs.S:1351
 f36:	96 17       	cp	r25, r22
/home/jenkins-mingw32/workspace/avr-gcc-staging/label/Ubuntu14.04x64-mingw32/gcc-build/avr/avr5/libgcc/../../../../gcc/libgcc/config/avr/lib1funcs.S:1352
 f38:	08 f0       	brcs	.+2      	; 0xf3c <__udivmodqi4_ep>
/home/jenkins-mingw32/workspace/avr-gcc-staging/label/Ubuntu14.04x64-mingw32/gcc-build/avr/avr5/libgcc/../../../../gcc/libgcc/config/avr/lib1funcs.S:1353
 f3a:	96 1b       	sub	r25, r22

00000f3c <__udivmodqi4_ep>:
/home/jenkins-mingw32/workspace/avr-gcc-staging/label/Ubuntu14.04x64-mingw32/gcc-build/avr/avr5/libgcc/../../../../gcc/libgcc/config/avr/lib1funcs.S:1355
 f3c:	88 1f       	adc	r24, r24
/home/jenkins-mingw32/workspace/avr-gcc-staging/label/Ubuntu14.04x64-mingw32/gcc-build/avr/avr5/libgcc/../../../../gcc/libgcc/config/avr/lib1funcs.S:1356
 f3e:	7a 95       	dec	r23
/home/jenkins-mingw32/workspace/avr-gcc-staging/label/Ubuntu14.04x64-mingw32/gcc-build/avr/avr5/libgcc/../../../../gcc/libgcc/config/avr/lib1funcs.S:1357
 f40:	c9 f7       	brne	.-14     	; 0xf34 <__udivmodqi4_loop>
/home/jenkins-mingw32/workspace/avr-gcc-staging/label/Ubuntu14.04x64-mingw32/gcc-build/avr/avr5/libgcc/../../../../gcc/libgcc/config/avr/lib1funcs.S:1358
 f42:	80 95       	com	r24
/home/jenkins-mingw32/workspace/avr-gcc-staging/label/Ubuntu14.04x64-mingw32/gcc-build/avr/avr5/libgcc/../../../../gcc/libgcc/config/avr/lib1funcs.S:1360
 f44:	08 95       	ret

00000f46 <__tablejump2__>:
__tablejump2__():
/home/jenkins-mingw32/workspace/avr-gcc-staging/label/Ubuntu14.04x64-mingw32/gcc-build/avr/avr5/libgcc/../../../../gcc/libgcc/config/avr/lib1funcs.S:2296
 f46:	ee 0f       	add	r30, r30
/home/jenkins-mingw32/workspace/avr-gcc-staging/label/Ubuntu14.04x64-mingw32/gcc-build/avr/avr5/libgcc/../../../../gcc/libgcc/config/avr/lib1funcs.S:2297
 f48:	ff 1f       	adc	r31, r31
/home/jenkins-mingw32/workspace/avr-gcc-staging/label/Ubuntu14.04x64-mingw32/gcc-build/avr/avr5/libgcc/../../../../gcc/libgcc/config/avr/lib1funcs.S:2328
 f4a:	05 90       	lpm	r0, Z+
/home/jenkins-mingw32/workspace/avr-gcc-staging/label/Ubuntu14.04x64-mingw32/gcc-build/avr/avr5/libgcc/../../../../gcc/libgcc/config/avr/lib1funcs.S:2329
 f4c:	f4 91       	lpm	r31, Z
/home/jenkins-mingw32/workspace/avr-gcc-staging/label/Ubuntu14.04x64-mingw32/gcc-build/avr/avr5/libgcc/../../../../gcc/libgcc/config/avr/lib1funcs.S:2330
 f4e:	e0 2d       	mov	r30, r0
/home/jenkins-mingw32/workspace/avr-gcc-staging/label/Ubuntu14.04x64-mingw32/gcc-build/avr/avr5/libgcc/../../../../gcc/libgcc/config/avr/lib1funcs.S:2331
 f50:	09 94       	ijmp

00000f52 <_exit>:
exit():
/home/jenkins-mingw32/workspace/avr-gcc-staging/label/Ubuntu14.04x64-mingw32/gcc-build/avr/avr5/libgcc/../../../../gcc/libgcc/config/avr/lib1funcs.S:2278
 f52:	f8 94       	cli

00000f54 <__stop_program>:
__stop_program():
/home/jenkins-mingw32/workspace/avr-gcc-staging/label/Ubuntu14.04x64-mingw32/gcc-build/avr/avr5/libgcc/../../../../gcc/libgcc/config/avr/lib1funcs.S:2280
 f54:	ff cf       	rjmp	.-2      	; 0xf54 <__stop_program>
